time,pid,exp,gold
00:15:27,10060,1,199367
00:15:27,2036,3850,201748
00:15:28,14196,2,199366
00:15:29,14680,3850,201747
00:37:26,14680,3246,201747
00:37:27,35372,1,199368
00:37:30,10060,1,199367
00:37:33,2036,2360,201748
00:37:41,14196,2,199366
00:37:50,14680,3996,201747
00:37:50,14196,2,199366
00:37:52,2036,2906,201748
00:37:52,10060,2,199367
00:37:54,35372,2,199368
00:38:12,14680,3480,201747
00:38:13,14196,1,199366
00:38:16,2036,2530,201748
00:38:17,10060,2,199367
00:38:18,35372,2,199368
00:38:35,14680,3912,201747
00:38:36,14196,2,199366
00:38:37,35372,2,199368
00:38:43,2036,2844,201748
00:38:44,10060,1,199367
00:38:54,2036,1932,201748
00:38:55,14680,3092,201747
00:38:55,10060,2,199367
00:38:58,14196,2,199366
00:38:58,35372,2,199368
00:39:23,14680,4438,201747
00:39:23,35372,1,199368
00:39:23,14196,2,199366
00:39:23,10060,1,199367
00:39:25,2036,3228,201748
00:39:43,10060,2,199367
00:39:45,14680,5668,201747
00:39:46,2036,4122,201748
00:39:48,35372,2,199368
00:39:49,14196,2,199366
00:40:04,14680,3542,201747
00:40:05,10060,2,199367
00:40:05,14196,1,199366
00:40:14,2036,2576,201748
00:40:21,35372,2,199368
00:40:27,10060,1,199367
00:40:28,14680,4060,201747
00:40:30,2036,2952,201748
00:40:31,14196,2,199366
00:40:55,2036,2924,201748
00:40:55,10060,2,199367
00:40:55,14680,4020,201747
00:40:56,35372,1,199368
00:40:56,35372,1,199368
00:40:56,14196,1,199366
00:41:18,35372,1,199368
00:41:19,14196,1,199366
00:41:20,2036,3076,201748
00:41:21,10060,1,199367
00:41:21,14680,4230,201747
00:41:40,14680,4020,201747
00:41:40,35372,2,199368
00:41:41,10060,2,199367
00:41:44,14196,2,199366
00:41:45,2036,2924,201748
00:41:58,14680,2986,201747
00:41:59,35372,2,199368
00:42:01,2036,1866,201748
00:42:01,10060,2,199367
00:42:08,14196,2,199366
00:42:24,2036,2682,201748
00:42:24,35372,2,199368
00:42:25,14680,3688,201747
00:42:29,14196,2,199366
00:42:58,14680,5536,201747
00:42:59,2036,4026,201748
00:43:01,14196,2,199366
00:43:05,35372,1,199368
00:43:28,2036,3316,201748
00:43:28,14196,2,199366
00:43:29,14680,4560,201747
00:43:35,35372,1,199368
00:44:05,14196,2,199366
00:44:05,14680,5742,201747
00:44:06,2036,4176,201748
00:44:06,35372,2,199368
00:44:40,14680,4790,201747
00:44:43,2036,3484,201748
00:44:43,14196,1,199366
00:44:45,35372,1,199368
00:45:08,35372,1,199368
00:45:09,14680,3962,201747
00:45:13,2036,2882,201748
00:45:13,14196,2,199366
00:45:35,2036,3440,201748
00:45:36,35372,1,199368
00:45:37,14680,3440,201747
00:45:43,14196,1,199366
00:46:00,35372,2,199368
00:46:01,2036,3004,201748
00:46:01,14680,3004,201747
00:46:02,14196,2,199366
00:46:28,14196,1,199366
00:46:28,14680,2836,201747
00:46:31,35372,2,199368
00:46:36,2036,2836,201748
00:47:05,14680,3528,201747
00:47:07,2036,3528,201748
00:47:07,35372,1,199368
00:47:14,14196,1,199366
00:47:36,35372,2,199368
00:47:37,14680,2448,201747
00:47:39,14196,1,199366
00:47:39,2036,2448,201748
00:48:07,14680,3590,201747
00:48:08,2036,3590,201748
00:48:09,35372,2,199368
00:48:12,14196,2,199366
00:48:34,14680,2598,201747
00:48:34,2036,2598,201748
00:48:35,35372,1,199368
00:48:42,14196,2,199366
00:49:10,14680,3094,201747
00:49:11,2036,3094,201748
00:49:12,35372,2,199368
00:49:21,14196,1,199366
00:49:38,35372,1,199368
00:49:38,14680,3032,201747
00:49:39,2036,3032,201748
00:49:39,14196,1,199366
00:50:12,2036,3378,201748
00:50:12,14196,2,199366
00:50:13,14680,3378,201747
00:50:14,35372,1,199368
00:50:46,35372,1,199368
00:50:49,2036,1525,201748
00:50:54,14196,1,199366
00:51:14,2036,1953,201748
00:51:14,35372,1,199368
00:51:19,14196,1,199366
00:51:46,35372,1,199368
00:51:48,2036,1787,201748
00:51:49,14196,2,199366
00:53:58,2036,2039,201748
00:53:59,14196,1,199366
00:54:00,35372,2,199368
00:54:00,29012,2039,201747
00:54:03,23996,1,199367
00:54:25,35372,2,199368
00:54:26,2036,1256,201748
00:54:27,29012,1256,201747
00:54:29,14196,1,199366
00:54:31,23996,2,199367
00:54:43,35372,2,199368
00:54:43,2036,1341,201748
00:54:45,23996,1,199367
00:54:47,29012,1341,201747
00:54:50,14196,2,199366
00:55:06,14196,1,199366
00:55:08,35372,1,199368
00:55:08,29012,1341,201747
00:55:08,23996,1,199367
00:55:09,2036,1341,201748
00:55:30,35372,1,199368
00:55:33,29012,1516,201747
00:55:35,14196,1,199366
00:55:36,23996,1,199367
00:55:54,29012,1842,201747
00:55:56,2036,1516,201748
00:55:56,2036,1842,201748
00:55:56,23996,2,199367
00:55:57,14196,2,199366
00:55:57,35372,2,199368
01:09:21,14688,2,199367
01:09:22,22680,2,199368
01:09:23,31112,3684,201748
01:09:24,1400,3684,201747
01:09:26,24056,1,199366
01:09:53,24056,1,199366
01:09:54,31112,3024,201748
01:09:54,14688,1,199367
01:09:54,22680,2,199368
01:09:57,1400,3024,201747
01:10:25,31112,2995,201748
01:10:25,22680,2,199368
01:10:26,14688,1,199367
01:10:26,1400,2995,201747
01:10:27,24056,2,199366
01:10:50,22680,1,199368
01:10:51,24056,2,199366
01:10:53,31112,3743,201748
01:10:55,1400,3743,201747
01:10:58,14688,1,199367
01:11:15,22680,2,199368
01:11:17,14688,1,199367
01:11:20,31112,3713,201748
01:11:23,24056,2,199366
01:11:27,1400,3713,201747
01:11:56,1400,3684,201747
01:11:56,14688,2,199367
01:11:58,31112,3684,201748
01:11:58,24056,1,199366
01:11:58,22680,2,199368
01:12:15,31112,3026,201748
01:12:15,24056,1,199366
01:12:15,22680,2,199368
01:12:16,14688,1,199367
01:12:26,1400,3026,201747
01:12:44,14688,2,199367
01:12:44,24056,2,199366
01:12:44,31112,3743,201748
01:12:45,22680,1,199368
01:12:50,1400,3743,201747
01:13:11,31112,2965,201748
01:13:12,24056,2,199366
01:13:13,14688,1,199367
01:13:13,22680,2,199368
01:13:18,1400,2965,201747
01:13:43,31112,3835,201748
01:13:43,24056,1,199366
01:13:47,22680,2,199368
01:13:47,14688,1,199367
01:13:49,1400,3835,201747
01:14:08,22680,1,199368
01:14:09,24056,2,199366
01:14:11,31112,3774,201748
01:14:14,14688,1,199367
01:14:15,1400,3774,201747
01:14:30,1400,2995,201747
01:14:30,24056,2,199366
01:14:30,22680,1,199368
01:14:33,14688,1,199367
01:14:36,31112,2995,201748
01:14:59,31112,2995,201748
01:15:00,14688,1,199367
01:15:03,1400,2995,201747
01:15:03,22680,2,199368
01:15:05,24056,2,199366
01:15:34,1400,2995,201747
01:15:34,14688,1,199367
01:15:35,24056,2,199366
01:15:36,31112,2995,201748
01:15:36,22680,1,199368
01:16:05,31112,3805,201748
01:16:06,1400,3805,201747
01:16:06,22680,2,199368
01:16:08,14688,1,199367
01:16:10,24056,2,199366
01:16:35,24056,1,199366
01:16:35,22680,2,199368
01:16:36,31112,2996,201748
01:16:37,14688,2,199367
01:16:40,1400,2996,201747
01:17:06,22680,2,199368
01:17:08,31112,2965,201748
01:17:08,1400,2965,201747
01:17:08,24056,1,199366
01:17:13,14688,1,199367
01:17:33,14688,1,199367
01:17:34,22680,1,199368
01:17:36,1400,3713,201747
01:17:36,31112,3713,201748
01:17:36,24056,2,199366
01:17:55,22680,1,199368
01:17:56,24056,1,199366
01:17:59,14688,2,199367
01:18:00,1400,3055,201747
01:18:02,31112,3055,201748
01:18:29,1400,3652,201747
01:18:29,22680,1,199368
01:18:34,31112,3652,201748
01:18:35,14688,1,199367
01:18:37,24056,2,199366
01:19:01,1400,3805,201747
01:19:01,14688,2,199367
01:19:01,22680,1,199368
01:19:02,24056,2,199366
01:19:02,31112,3805,201748
01:19:33,31112,3713,201748
01:19:34,14688,1,199367
01:19:34,24056,2,199366
01:19:34,22680,1,199368
01:19:36,1400,3713,201747
01:19:57,1400,2995,201747
01:19:59,24056,2,199366
01:19:59,22680,1,199368
01:20:00,31112,2995,201748
01:20:01,14688,1,199367
01:20:21,24056,2,199366
01:20:21,22680,2,199368
01:20:22,14688,1,199367
01:20:23,1400,2963,201747
01:20:25,31112,2963,201748
01:20:46,31112,2965,201748
01:20:46,14688,1,199367
01:20:48,1400,2965,201747
01:20:49,22680,1,199368
01:20:52,24056,2,199366
01:21:18,14688,1,199367
01:21:19,22680,2,199368
01:21:19,31112,3743,201748
01:21:24,1400,3743,201747
01:21:25,24056,2,199366
01:22:10,1400,3713,201747
01:22:11,24056,2,199366
01:22:11,14688,1,199367
01:22:12,31112,3713,201748
01:22:13,22680,2,199368
01:22:43,31112,3713,201748
01:22:44,22680,2,199368
01:22:44,24056,2,199366
01:22:45,1400,3713,201747
01:22:52,14688,1,199367
01:23:13,24056,2,199366
01:23:13,14688,2,199367
01:23:16,31112,3774,201748
01:23:16,22680,1,199368
01:23:26,1400,3774,201747
01:23:38,22680,1,199368
01:23:38,14688,2,199367
01:23:39,31112,3026,201748
01:23:39,24056,2,199366
01:23:40,1400,3026,201747
01:24:08,1400,3774,201747
01:24:08,14688,1,199367
01:24:08,22680,2,199368
01:24:11,24056,1,199366
01:24:13,31112,3774,201748
01:24:35,31112,3774,201748
01:24:36,1400,3774,201747
01:24:39,14688,1,199367
01:24:43,22680,1,199368
01:24:49,24056,1,199366
01:25:06,22680,1,199368
01:25:07,1400,2995,201747
01:25:08,31112,2995,201748
01:25:11,24056,2,199366
01:25:22,14688,2,199367
01:25:32,22680,1,199368
01:25:33,31112,3026,201748
01:25:38,24056,1,199366
01:25:42,1400,3026,201747
01:25:45,14688,1,199367
01:25:54,22680,2,199368
01:25:55,31112,3087,201748
01:25:55,1400,3087,201747
01:26:00,24056,2,199366
01:26:06,14688,2,199367
01:26:24,1400,3652,201747
01:26:24,14688,2,199367
01:26:24,31112,3652,201748
01:26:25,22680,2,199368
01:26:34,24056,2,199366
01:26:53,31112,3744,201748
01:26:53,1400,3744,201747
01:26:53,22680,1,199368
01:26:57,14688,2,199367
01:26:59,24056,2,199366
01:27:16,1400,2904,201747
01:27:19,14688,1,199367
01:27:19,22680,1,199368
01:27:21,24056,1,199366
01:27:22,31112,2904,201748
01:27:51,24056,2,199366
01:27:51,22680,2,199368
01:27:52,14688,2,199367
01:27:53,31112,3684,201748
01:27:55,1400,3684,201747
01:28:09,22680,2,199368
01:28:10,24056,1,199366
01:28:11,14688,1,199367
01:28:13,31112,2995,201748
01:28:14,1400,2995,201747
01:28:43,1400,2965,201747
01:28:44,24056,1,199366
01:28:45,31112,2965,201748
01:28:45,14688,1,199367
01:28:46,22680,1,199368
01:29:05,22680,1,199368
01:29:06,1400,3772,201747
01:29:06,24056,2,199366
01:29:10,14688,2,199367
01:29:11,31112,3772,201748
01:29:36,24056,2,199366
01:29:36,22680,2,199368
01:29:38,1400,3087,201747
01:29:42,14688,2,199367
01:29:50,31112,3087,201748
01:29:54,31112,3743,201748
01:29:55,1400,3743,201747
01:29:57,22680,2,199368
01:30:03,24056,1,199366
01:30:04,14688,2,199367
01:30:24,24056,1,199366
01:30:25,31112,3713,201748
01:30:25,14688,2,199367
01:30:27,22680,1,199368
01:30:28,1400,3713,201747
01:30:51,22680,1,199368
01:30:52,1400,3087,201747
01:30:52,14688,2,199367
01:30:53,31112,3087,201748
01:30:56,24056,2,199366
01:31:23,14688,2,199367
01:31:24,31112,3772,201748
01:31:25,22680,2,199368
01:31:26,24056,1,199366
01:31:27,1400,3772,201747
01:31:50,14688,2,199367
01:31:52,24056,1,199366
01:31:56,31112,2995,201748
01:31:56,1400,2995,201747
01:31:57,22680,1,199368
01:32:22,22680,1,199368
01:32:22,24056,2,199366
01:32:22,14688,1,199367
01:32:26,31112,3743,201748
01:32:32,1400,3743,201747
01:32:58,31112,2995,201748
01:33:00,14688,1,199367
01:33:00,24056,1,199366
01:33:00,22680,1,199368
01:33:15,1400,2995,201747
01:33:29,31112,2965,201748
01:33:30,14688,1,199367
01:33:30,22680,2,199368
01:33:36,1400,2965,201747
01:33:38,24056,1,199366
01:33:56,31112,3776,201748
01:33:58,22680,2,199368
01:33:58,14688,1,199367
01:34:02,24056,1,199366
01:34:05,1400,3776,201747
01:34:23,1400,2965,201747
01:34:24,31112,2965,201748
01:34:24,24056,1,199366
01:34:24,22680,2,199368
01:34:26,14688,2,199367
01:34:49,14688,2,199367
01:34:51,31112,3744,201748
01:34:52,1400,3744,201747
01:34:52,22680,1,199368
01:34:56,24056,1,199366
01:35:22,1400,3711,201747
01:35:22,24056,1,199366
01:35:23,31112,3711,201748
01:35:23,14688,1,199367
01:35:24,22680,2,199368
01:35:48,31112,2995,201748
01:35:48,24056,1,199366
01:35:48,14688,1,199367
01:35:50,1400,2995,201747
01:35:51,22680,2,199368
01:36:14,24056,1,199366
01:36:15,22680,2,199368
01:36:15,31112,2965,201748
01:36:16,14688,1,199367
01:36:16,1400,2965,201747
01:36:45,1400,3804,201747
01:36:46,14688,2,199367
01:36:48,22680,2,199368
01:36:51,31112,3804,201748
01:36:54,24056,1,199366
01:37:16,31112,3026,201748
01:37:17,22680,2,199368
01:37:19,14688,2,199367
01:37:22,24056,1,199366
01:37:32,1400,3026,201747
01:37:42,24056,2,199366
01:37:44,22680,1,199368
01:37:44,31112,2995,201748
01:37:45,14688,1,199367
01:37:49,1400,2995,201747
01:38:06,14688,1,199367
01:38:07,24056,2,199366
01:38:07,22680,2,199368
01:38:08,31112,3743,201748
01:38:09,1400,3743,201747
01:38:29,31112,3774,201748
01:38:29,22680,1,199368
01:38:30,1400,3774,201747
01:38:30,24056,2,199366
01:38:31,14688,1,199367
01:39:00,22680,2,199368
01:39:00,31112,2934,201748
01:39:02,1400,2934,201747
01:39:07,24056,2,199366
01:39:08,14688,2,199367
01:39:28,31112,3835,201748
01:39:29,24056,1,199366
01:39:30,22680,2,199368
01:39:30,14688,2,199367
01:40:05,14688,1,199367
01:40:05,31112,2998,201748
01:40:06,22680,1,199368
01:40:13,24056,2,199366
08:02:57,24056,2,199366
13:51:05,9156,3652,201747
13:51:35,9156,3774,201747
13:51:35,16868,3774,201748
13:51:38,29252,1,199367
13:51:39,31992,1,199366
13:51:39,35408,1,199368
14:08:26,16868,3528,201748
14:08:27,31992,1,199366
14:08:27,9156,3382,201747
14:08:29,35408,1,199368
14:08:32,29252,1,199367
14:10:54,16868,4253,201748
14:10:56,29252,1,199367
14:10:56,9156,4253,201747
14:10:59,35408,1,199368
14:10:59,31992,1,199366
14:11:25,16868,3382,201748
14:11:25,9156,3528,201747
14:11:25,35408,1,199368
14:11:28,31992,1,199366
14:11:29,29252,1,199367
14:12:04,16868,4253,201748
14:12:04,9156,4253,201747
14:12:05,31992,1,199366
14:12:10,29252,1,199367
14:12:14,35408,1,199368
14:14:00,4944,2,199366
14:14:01,9156,4437,201747
14:14:01,35408,1,199368
14:14:01,29252,2,199367
14:14:04,16868,4253,201748
14:14:54,35408,1,199368
14:14:55,16868,4288,201748
14:14:57,9156,4056,201747
14:15:00,4944,1,199366
14:15:01,29252,2,199367
14:15:18,16868,3382,201748
14:15:19,4944,2,199366
14:15:19,35408,1,199368
14:15:21,9156,3382,201747
14:15:24,29252,1,199367
14:16:02,16868,3233,201748
14:16:03,4944,2,199366
14:16:04,29252,1,199367
14:16:04,9156,3233,201747
14:16:04,35408,1,199368
14:16:32,4944,2,199366
14:16:32,16868,4219,201748
14:16:32,35408,2,199368
14:16:36,29252,1,199367
14:16:36,9156,4401,201747
14:17:19,35408,2,199368
14:17:20,16868,4219,201748
14:17:20,29252,1,199367
14:17:21,4944,1,199366
14:17:22,9156,4219,201747
14:17:55,29252,2,199367
14:17:58,4944,2,199366
14:17:59,35408,1,199368
14:18:00,16868,4056,201748
14:18:01,9156,4056,201747
14:18:29,35408,2,199368
14:18:30,4944,2,199366
14:18:30,29252,1,199367
14:18:31,9156,3233,201747
14:18:38,16868,3233,201748
14:19:07,4944,1,199366
14:19:13,16868,4253,201748
14:19:14,35408,2,199368
14:19:18,29252,2,199367
14:19:18,9156,4253,201747
14:19:42,35408,1,199368
14:19:43,16868,4288,201748
14:19:43,29252,2,199367
14:19:43,9156,4056,201747
14:19:46,4944,1,199366
14:20:14,9156,4056,201747
14:20:15,4944,1,199366
14:20:21,29252,2,199367
14:20:26,16868,4056,201748
14:20:27,35408,1,199368
14:20:47,4944,2,199366
14:20:47,29252,2,199367
14:20:51,9156,3297,201747
14:20:51,16868,3485,201748
14:20:58,35408,2,199368
14:21:21,35408,1,199368
14:21:21,9156,4356,201747
14:21:24,16868,4121,201748
14:21:26,4944,2,199366
14:21:35,29252,1,199367
14:21:48,35408,2,199368
14:21:48,16868,4056,201748
14:21:50,29252,2,199367
14:21:50,9156,4056,201747
14:21:51,4944,2,199366
14:22:41,9156,3264,201747
14:22:41,35408,2,199368
14:22:45,4944,2,199366
14:22:47,16868,3264,201748
14:22:51,29252,2,199367
14:23:14,4944,1,199366
14:23:14,35408,2,199368
14:23:15,16868,4253,201748
14:23:21,9156,4253,201747
14:23:24,29252,2,199367
14:23:46,29252,1,199367
14:23:49,16868,3450,201748
14:23:52,35408,2,199368
14:23:52,9156,3450,201747
14:23:52,4944,2,199366
14:24:17,35408,1,199368
14:24:18,16868,4089,201748
14:24:18,4944,2,199366
14:24:23,9156,4089,201747
14:24:24,29252,2,199367
14:25:04,16868,4089,201748
14:25:07,4944,1,199366
14:25:08,9156,4322,201747
14:25:09,35408,1,199368
14:25:12,29252,1,199367
14:25:34,9156,3450,201747
14:25:37,29252,1,199367
14:25:37,35408,2,199368
14:25:38,16868,3264,201748
14:25:38,4944,1,199366
14:26:05,9156,3264,201747
14:26:06,35408,2,199368
14:26:07,16868,3450,201748
14:26:11,4944,2,199366
14:26:11,29252,2,199367
14:26:46,16868,3264,201748
14:26:46,9156,3450,201747
14:26:47,4944,1,199366
14:26:50,29252,2,199367
14:26:51,35408,2,199368
14:27:22,16868,4089,201748
14:27:23,4944,1,199366
14:27:23,35408,1,199368
14:27:26,29252,2,199367
14:27:26,9156,4089,201747
14:28:08,16868,4089,201748
14:28:09,9156,4322,201747
14:28:09,35408,1,199368
14:28:14,4944,1,199366
14:28:19,29252,2,199367
14:29:24,4944,2,199366
14:29:24,16868,4219,201748
14:29:25,9156,4219,201747
14:29:26,35408,2,199368
14:29:27,29252,2,199367
14:29:54,9156,4437,201747
14:29:55,4944,1,199366
14:29:55,35408,2,199368
14:29:56,16868,4253,201748
14:30:04,29252,1,199367
14:30:26,16868,3382,201748
14:30:27,9156,3382,201747
14:30:28,4944,2,199366
14:30:29,35408,2,199368
14:30:34,29252,2,199367
14:30:51,35408,1,199368
14:30:51,16868,4219,201748
14:30:53,4944,1,199366
14:30:54,29252,2,199367
14:31:02,9156,4219,201747
14:31:25,4944,2,199366
14:31:25,35408,2,199368
14:31:25,16868,3264,201748
14:31:25,9156,3264,201747
14:31:39,29252,2,199367
14:31:51,4944,1,199366
14:31:52,35408,2,199368
14:31:52,16868,4089,201748
14:31:52,9156,4089,201747
14:31:56,29252,2,199367
14:32:33,4944,2,199366
14:32:34,35408,2,199368
14:32:34,29252,1,199367
14:32:35,16868,3485,201748
14:32:36,9156,3484,201747
14:33:03,16868,3233,201748
14:33:03,9156,3416,201747
14:33:08,29252,2,199367
14:33:08,35408,2,199368
14:33:15,4944,1,199366
14:33:32,16868,4288,201748
14:33:33,9156,4287,201747
14:33:33,35408,1,199368
14:33:33,29252,2,199367
14:33:42,4944,2,199366
14:34:01,35408,2,199368
14:34:01,16868,3485,201748
14:34:03,9156,3484,201747
14:34:05,4944,2,199366
14:34:07,29252,1,199367
14:34:38,4944,2,199366
14:34:38,29252,2,199367
14:34:39,9156,4356,201747
14:34:43,35408,1,199368
14:34:44,16868,4121,201748
14:35:21,16868,4253,201748
14:35:21,35408,2,199368
14:35:22,29252,1,199367
14:35:22,4944,1,199366
14:35:26,9156,4436,201747
14:35:55,29252,1,199367
14:35:57,9156,3527,201747
14:35:57,35408,2,199368
14:35:57,16868,3382,201748
14:36:00,4944,1,199366
14:36:23,35408,1,199368
14:36:24,16868,3264,201748
14:36:24,9156,3450,201747
14:36:24,4944,1,199366
14:36:29,29252,2,199367
14:36:54,4944,2,199366
14:36:54,35408,2,199368
14:36:56,29252,2,199367
14:36:56,16868,3233,201748
14:36:57,9156,3416,201747
14:37:39,4944,1,199366
14:37:41,9156,4321,201747
14:37:41,16868,4321,201748
14:37:42,35408,1,199368
14:37:42,29252,1,199367
14:38:14,16868,4436,201748
14:38:15,9156,4436,201747
14:38:16,29252,1,199367
14:38:17,35408,1,199368
14:38:20,4944,1,199366
14:38:44,16868,3416,201748
14:38:45,29252,2,199367
14:38:46,35408,2,199368
14:38:48,9156,3416,201747
14:38:57,4944,1,199366
14:39:26,4944,1,199366
14:39:26,16868,3416,201748
14:39:29,35408,1,199368
14:39:30,9156,3416,201747
14:39:37,29252,2,199367
14:39:53,16868,3416,201748
14:39:54,4944,1,199366
14:39:55,9156,3416,201747
14:39:56,35408,2,199368
14:40:03,29252,2,199367
14:40:37,16868,3450,201748
14:40:38,35408,1,199368
14:40:39,9156,3450,201747
14:40:42,4944,1,199366
14:40:43,29252,1,199367
14:41:07,4944,1,199366
14:41:08,29252,2,199367
14:41:08,16868,3450,201748
14:41:11,9156,3450,201747
14:41:12,35408,1,199368
14:41:34,9156,3450,201747
14:41:34,29252,1,199367
14:41:35,16868,3450,201748
14:41:36,4944,1,199366
14:41:37,35408,2,199368
14:42:05,9156,3450,201747
14:42:07,16868,3450,201748
14:42:07,35408,1,199368
14:42:08,4944,1,199366
14:42:16,29252,2,199367
14:42:30,9156,3450,201747
14:42:31,4944,1,199366
14:42:31,35408,2,199368
14:42:32,16868,3450,201748
14:42:40,29252,2,199367
14:43:04,16868,4321,201748
14:43:04,9156,4321,201747
14:43:05,4944,2,199366
14:43:06,35408,2,199368
14:43:10,29252,1,199367
14:43:32,4944,1,199366
14:43:33,16868,3450,201748
14:43:34,29252,2,199367
14:43:34,35408,1,199368
14:43:35,9156,3450,201747
14:44:03,29252,2,199367
14:44:03,9156,3484,201747
14:44:03,4944,1,199366
14:44:04,35408,2,199368
14:44:08,16868,3484,201748
14:44:29,35408,1,199368
14:44:30,4944,1,199366
14:44:30,29252,2,199367
14:44:31,16868,3450,201748
14:44:32,9156,3450,201747
14:44:50,35408,1,199368
14:44:51,4944,1,199366
14:44:52,16868,3416,201748
14:44:53,9156,3416,201747
14:45:01,29252,2,199367
14:45:18,9156,3450,201747
14:45:19,4944,2,199366
14:45:19,35408,1,199368
14:45:21,16868,3450,201748
14:45:33,29252,2,199367
14:46:00,29252,2,199367
14:46:00,16868,4321,201748
14:46:01,35408,1,199368
14:46:02,4944,1,199366
14:46:04,9156,4321,201747
14:46:32,16868,4436,201748
14:46:34,35408,1,199368
14:46:36,4944,1,199366
14:46:38,9156,4436,201747
14:46:40,29252,1,199367
14:47:17,16868,3416,201748
14:47:17,9156,3416,201747
14:47:17,35408,2,199368
14:47:17,29252,1,199367
14:47:21,4944,2,199366
14:47:49,16868,3450,201748
14:47:49,9156,3450,201747
14:47:50,35408,1,199368
14:47:50,29252,1,199367
14:47:56,4944,1,199366
14:48:19,9156,3484,201747
14:48:20,16868,3484,201748
14:48:22,4944,1,199366
14:48:25,35408,1,199368
14:48:25,29252,2,199367
14:48:44,9156,4321,201747
14:48:45,35408,1,199368
14:48:45,29252,1,199367
14:48:45,4944,2,199366
14:48:48,16868,4321,201748
14:49:18,4944,2,199366
14:49:19,29252,1,199367
14:49:19,35408,1,199368
14:49:20,9156,4287,201747
14:49:22,16868,4287,201748
14:50:02,35408,2,199368
14:50:02,29252,2,199367
14:50:03,16868,4436,201748
14:50:05,9156,4436,201747
14:50:05,4944,2,199366
14:50:33,29252,1,199367
14:50:34,35408,1,199368
14:50:34,4944,2,199366
14:50:34,9156,4287,201747
14:50:35,16868,4287,201748
14:51:05,9156,4321,201747
14:51:06,29252,1,199367
14:51:07,4944,1,199366
14:51:08,35408,2,199368
14:51:09,16868,4321,201748
14:51:35,9156,3416,201747
14:51:35,29252,2,199367
14:51:36,35408,1,199368
14:51:36,4944,1,199366
14:51:40,16868,3416,201748
14:52:04,16868,4287,201748
14:52:04,9156,4287,201747
14:52:07,35408,2,199368
14:52:07,29252,1,199367
14:52:12,4944,2,199366
14:52:33,9156,3450,201747
14:52:36,4944,2,199366
14:52:39,16868,3450,201748
14:52:41,29252,1,199367
14:52:42,35408,2,199368
14:53:03,4944,1,199366
14:53:04,29252,1,199367
14:53:05,9156,3416,201747
14:53:05,16868,3416,201748
14:53:17,35408,2,199368
14:53:34,29252,1,199367
14:53:34,9156,4287,201747
14:53:34,35408,1,199368
14:53:34,4944,2,199366
14:53:36,16868,4287,201748
14:54:03,9156,4287,201747
14:54:04,16868,4287,201748
14:54:04,35408,2,199368
14:54:04,4944,2,199366
14:54:10,29252,2,199367
14:54:33,9156,3450,201747
14:54:33,35408,1,199368
14:54:35,4944,2,199366
14:54:35,29252,1,199367
14:54:36,16868,3450,201748
14:55:04,35408,2,199368
14:55:04,4944,2,199366
14:55:06,9156,4287,201747
14:55:08,29252,1,199367
14:55:08,16868,4287,201748
14:55:31,35408,2,199368
14:55:32,9156,3484,201747
14:55:32,29252,2,199367
14:55:32,16868,3484,201748
14:55:33,4944,2,199366
14:56:07,29252,1,199367
14:56:07,4944,2,199366
14:56:08,35408,2,199368
14:56:09,9156,3450,201747
14:56:18,16868,3450,201748
14:56:36,29252,1,199367
14:56:37,9156,3450,201747
14:56:38,35408,2,199368
14:56:39,4944,2,199366
14:56:41,16868,3450,201748
14:57:04,9156,4287,201747
14:57:06,16868,4287,201748
14:57:08,4944,2,199366
14:57:09,29252,1,199367
14:57:10,35408,2,199368
14:57:31,35408,2,199368
14:57:31,29252,1,199367
14:57:32,4944,2,199366
14:57:34,16868,3450,201748
14:57:38,9156,3450,201747
14:58:04,9156,4287,201747
14:58:04,16868,4287,201748
14:58:04,35408,1,199368
14:58:05,29252,1,199367
14:58:07,4944,2,199366
14:58:29,4944,2,199366
14:58:31,29252,2,199367
14:58:33,35408,2,199368
14:58:35,9156,3484,201747
14:58:37,16868,3484,201748
14:59:00,16868,3450,201748
14:59:01,4944,1,199366
14:59:02,35408,2,199368
14:59:04,9156,3450,201747
14:59:13,29252,1,199367
14:59:25,4944,2,199366
14:59:26,16868,4356,201748
14:59:28,35408,2,199368
14:59:33,29252,2,199367
15:00:02,4944,2,199366
15:00:03,35408,2,199368
15:00:06,16868,3387,201748
15:00:06,29252,2,199367
15:00:40,4944,2,199366
15:00:43,16868,2590,201748
15:00:44,29252,1,199367
15:00:48,35408,1,199368
15:01:09,16868,2590,201748
15:01:11,35408,1,199368
15:01:14,4944,2,199366
15:01:16,29252,2,199367
15:01:37,16868,3454,201748
15:01:37,4944,1,199366
15:01:40,29252,1,199367
15:01:41,35408,1,199368
15:01:59,16868,3497,201748
15:02:00,29252,1,199367
15:02:01,35408,1,199368
15:02:04,4944,1,199366
15:02:28,4944,2,199366
15:02:30,29252,2,199367
15:02:31,16868,2590,201748
15:02:35,35408,1,199368
15:02:56,29252,1,199367
15:02:57,4944,2,199366
15:02:59,16868,2557,201748
15:03:05,35408,2,199368
15:03:26,29252,2,199367
15:03:27,16868,3454,201748
15:03:30,35408,1,199368
15:03:34,4944,2,199366
15:03:49,16868,3454,201748
15:03:49,35408,2,199368
15:03:51,4944,2,199366
15:03:51,29252,1,199367
15:04:14,29252,1,199367
15:04:16,35408,2,199368
15:04:17,16868,2632,201748
15:04:22,4944,2,199366
15:04:47,16868,3420,201748
15:04:47,35408,2,199368
15:04:52,4944,1,199366
15:04:53,29252,1,199367
15:05:08,35408,2,199368
15:05:11,16868,3420,201748
15:05:11,4944,2,199366
15:05:12,29252,2,199367
15:51:25,13948,1,199367
15:51:26,32152,4356,201748
15:51:26,6860,2,199366
15:51:27,25368,4356,201747
15:51:28,12648,1,199368
15:51:47,32152,4400,201748
15:51:48,13948,1,199367
15:51:50,12648,1,199368
15:51:52,6860,2,199366
15:51:54,25368,4400,201747
15:52:19,25368,3450,201747
15:52:19,12648,2,199368
15:52:19,13948,1,199367
15:52:19,32152,3450,201748
15:52:24,6860,2,199366
15:52:45,25368,3484,201747
15:52:46,13948,2,199367
15:52:46,32152,3484,201748
15:52:47,6860,2,199366
15:52:48,12648,2,199368
15:53:14,13948,1,199367
15:53:14,25368,3416,201747
15:53:15,32152,3416,201748
15:53:17,12648,1,199368
15:53:18,6860,1,199366
15:53:41,13948,2,199367
15:53:41,32152,3450,201748
15:53:41,25368,3450,201747
15:53:42,12648,1,199368
15:53:43,6860,1,199366
15:54:06,25368,3416,201747
15:54:07,12648,2,199368
15:54:07,13948,1,199367
15:54:08,6860,2,199366
15:54:08,32152,3416,201748
15:54:34,25368,4287,201747
15:54:35,32152,4287,201748
15:54:36,13948,2,199367
15:54:37,6860,1,199366
15:54:40,12648,2,199368
15:55:06,32152,4321,201748
15:55:06,25368,4321,201747
15:55:08,13948,1,199367
15:55:12,12648,2,199368
15:55:13,6860,2,199366
15:55:30,32152,3450,201748
15:55:30,13948,2,199367
15:55:31,25368,3450,201747
15:55:33,12648,2,199368
15:55:37,6860,2,199366
15:56:18,12648,1,199368
15:56:18,32152,3484,201748
15:56:20,13948,2,199367
15:56:24,25368,3484,201747
15:56:27,6860,2,199366
15:56:45,32152,4287,201748
15:56:46,6860,2,199366
15:56:46,13948,2,199367
15:56:48,25368,4287,201747
15:56:49,12648,2,199368
15:57:12,25368,4287,201747
15:57:12,6860,2,199366
15:57:13,12648,2,199368
15:57:14,13948,1,199367
15:57:16,32152,4287,201748
15:57:37,12648,2,199368
15:57:37,13948,1,199367
15:57:38,6860,1,199366
15:57:40,32152,4321,201748
15:57:41,25368,4321,201747
15:58:05,13948,1,199367
15:58:05,6860,1,199366
15:58:06,25368,3527,201747
15:58:07,12648,2,199368
15:58:13,32152,3527,201748
15:58:33,25368,4287,201747
15:58:33,32152,4287,201748
15:58:36,6860,1,199366
15:58:38,12648,2,199368
15:58:39,13948,2,199367
15:59:04,25368,3450,201747
15:59:04,12648,1,199368
15:59:04,13948,2,199367
15:59:04,32152,3450,201748
15:59:10,6860,1,199366
15:59:30,13948,2,199367
15:59:31,32152,3450,201748
15:59:32,12648,2,199368
15:59:34,6860,2,199366
15:59:36,25368,3450,201747
15:59:52,6860,1,199366
15:59:53,13948,2,199367
15:59:57,25368,3450,201747
15:59:58,32152,3450,201748
16:00:02,12648,1,199368
16:00:36,12648,2,199368
16:00:38,6860,1,199366
16:00:38,13948,1,199367
16:00:38,32152,3484,201748
16:00:44,25368,3484,201747
16:01:02,12648,1,199368
16:01:02,25368,3450,201747
16:01:03,13948,2,199367
16:01:06,6860,2,199366
16:01:07,32152,3450,201748
16:01:31,32152,3484,201748
16:01:31,25368,3484,201747
16:01:32,6860,1,199366
16:01:32,12648,2,199368
16:01:34,13948,1,199367
16:01:57,13948,2,199367
16:01:57,32152,3450,201748
16:01:58,12648,2,199368
16:01:58,25368,3450,201747
16:02:04,6860,1,199366
16:02:23,6860,2,199366
16:02:24,12648,2,199368
16:02:24,13948,1,199367
16:02:25,25368,4400,201747
16:02:26,32152,4400,201748
16:03:05,6860,2,199366
16:03:05,13948,1,199367
16:03:05,32152,4287,201748
16:03:08,25368,4287,201747
16:03:08,12648,2,199368
16:03:35,13948,1,199367
16:03:36,6860,2,199366
16:03:37,12648,2,199368
16:03:37,32152,3416,201748
16:03:45,25368,3416,201747
16:04:01,32152,4287,201748
16:04:01,13948,1,199367
16:04:03,6860,2,199366
16:04:04,12648,1,199368
16:04:10,25368,4287,201747
16:04:32,12648,2,199368
16:04:33,13948,1,199367
16:04:33,32152,3450,201748
16:04:33,25368,3450,201747
16:04:35,6860,2,199366
16:04:58,32152,4356,201748
16:04:59,25368,4356,201747
16:05:01,12648,1,199368
16:05:03,6860,1,199366
16:05:05,13948,1,199367
16:05:28,6860,1,199366
16:05:29,25368,4400,201747
16:05:31,32152,4400,201748
16:05:31,12648,1,199368
16:05:35,13948,1,199367
16:05:58,12648,1,199368
16:05:58,6860,1,199366
16:05:59,25368,4436,201747
16:05:59,32152,4436,201748
16:06:01,13948,1,199367
16:06:21,25368,4436,201747
16:06:22,13948,1,199367
16:06:22,32152,4436,201748
16:06:23,6860,1,199366
16:06:24,12648,1,199368
16:07:03,12648,2,199368
16:07:04,6860,1,199366
16:07:04,25368,4287,201747
16:07:06,32152,4287,201748
16:07:10,13948,2,199367
16:07:29,13948,2,199367
16:07:29,25368,3416,201747
16:07:30,32152,3416,201748
16:07:32,12648,2,199368
16:07:38,6860,2,199366
16:07:59,13948,2,199367
16:08:02,32152,3484,201748
16:08:02,25368,3484,201747
16:08:02,12648,1,199368
16:08:03,6860,1,199366
16:08:25,13948,1,199367
16:08:25,12648,1,199368
16:08:27,25368,3484,201747
16:08:27,32152,3484,201748
16:08:28,6860,1,199366
16:08:59,25368,3450,201747
16:09:00,32152,3450,201748
16:09:01,13948,2,199367
16:09:03,6860,1,199366
16:09:08,12648,2,199368
16:09:31,6860,1,199366
16:09:31,13948,2,199367
16:09:31,32152,4287,201748
16:09:35,25368,4287,201747
16:09:49,12648,1,199368
16:10:01,32152,3450,201748
16:10:02,6860,2,199366
16:10:02,12648,2,199368
16:10:02,13948,2,199367
16:10:03,25368,3450,201747
16:10:31,32152,3450,201748
16:10:33,25368,3450,201747
16:10:34,13948,2,199367
16:10:34,6860,1,199366
16:10:35,12648,1,199368
16:11:10,32152,3450,201748
16:11:13,13948,2,199367
16:11:14,12648,1,199368
16:11:20,6860,2,199366
16:11:20,25368,3450,201747
16:11:54,32152,3484,201748
16:11:54,13948,1,199367
16:11:54,6860,2,199366
16:11:55,25368,3484,201747
16:12:02,12648,2,199368
16:12:20,6860,1,199366
16:12:21,12648,1,199368
16:12:21,13948,1,199367
16:12:21,32152,4287,201748
16:12:22,25368,4287,201747
16:12:44,32152,3416,201748
16:12:45,12648,1,199368
16:12:47,13948,1,199367
16:12:47,6860,1,199366
16:12:51,25368,3416,201747
16:13:06,6860,1,199366
16:13:07,13948,1,199367
16:13:07,32152,3450,201748
16:13:18,25368,3450,201747
16:13:20,12648,2,199368
16:13:33,32152,4321,201748
16:13:34,25368,4321,201747
16:13:34,13948,2,199367
16:13:37,6860,2,199366
16:13:41,12648,2,199368
16:13:57,25368,4287,201747
16:13:58,32152,4287,201748
16:13:58,12648,2,199368
16:13:58,13948,1,199367
16:13:59,6860,2,199366
16:14:24,13948,1,199367
16:14:25,32152,4356,201748
16:14:25,6860,1,199366
16:14:26,12648,1,199368
16:14:29,25368,4356,201747
16:14:51,32152,4287,201748
16:14:52,12648,1,199368
16:14:53,13948,2,199367
16:14:55,25368,4287,201747
16:14:56,6860,1,199366
16:15:20,32152,4321,201748
16:15:21,6860,1,199366
16:15:21,12648,2,199368
16:15:21,25368,4321,201747
16:15:23,13948,2,199367
16:15:52,13948,1,199367
16:15:52,25368,4436,201747
16:15:52,12648,2,199368
16:15:54,32152,4436,201748
16:15:55,6860,2,199366
16:16:20,32152,4436,201748
16:16:21,25368,4436,201747
16:16:22,13948,1,199367
16:16:23,6860,2,199366
16:16:24,12648,2,199368
16:17:00,32152,4321,201748
16:17:01,25368,4321,201747
16:17:01,12648,2,199368
16:17:02,6860,2,199366
16:17:02,13948,1,199367
16:17:30,25368,4287,201747
16:17:32,13948,2,199367
16:17:32,6860,2,199366
16:17:36,32152,4287,201748
16:17:38,12648,2,199368
16:18:00,25368,4287,201747
16:18:00,13948,2,199367
16:18:00,32152,4287,201748
16:18:02,12648,1,199368
16:18:08,6860,2,199366
16:18:21,32152,4436,201748
16:18:22,13948,2,199367
16:18:23,25368,4436,201747
16:18:25,6860,1,199366
16:18:28,12648,1,199368
16:18:54,13948,2,199367
16:18:57,32152,4436,201748
16:18:59,25368,4436,201747
16:18:59,12648,2,199368
16:19:02,6860,2,199366
16:19:20,13948,1,199367
16:19:21,6860,2,199366
16:19:22,25368,3416,201747
16:19:23,32152,3416,201748
16:19:23,12648,1,199368
16:19:42,13948,1,199367
16:19:42,25368,3527,201747
16:19:44,32152,3527,201748
16:19:45,12648,2,199368
16:19:48,6860,1,199366
16:20:20,13948,1,199367
16:20:20,6860,1,199366
16:20:22,25368,4321,201747
16:20:23,32152,4321,201748
16:20:26,12648,2,199368
16:20:47,6860,2,199366
16:20:48,13948,1,199367
16:20:48,25368,3484,201747
16:20:49,12648,1,199368
16:20:49,32152,3484,201748
16:21:28,12648,2,199368
16:21:28,13948,1,199367
16:21:30,32152,3416,201748
16:21:31,25368,3416,201747
16:21:41,6860,2,199366
16:22:06,32152,4287,201748
16:22:07,13948,1,199367
16:22:09,6860,1,199366
16:22:10,25368,4287,201747
16:22:12,12648,2,199368
16:22:46,13948,2,199367
16:22:48,32152,4284,201748
16:22:48,12648,2,199368
16:22:49,6860,2,199366
16:22:54,25368,-21513,201747
16:23:17,6860,1,199366
16:23:18,13948,1,199367
16:23:18,32152,2557,201748
16:23:19,12648,2,199368
16:23:40,13948,1,199367
16:23:42,6860,1,199366
16:23:43,32152,3387,201748
16:23:44,12648,1,199368
16:24:08,12648,2,199368
16:24:09,13948,1,199367
16:24:10,6860,2,199366
16:24:13,32152,2557,201748
16:27:55,13948,2,199367
16:27:56,6860,2,199366
16:27:57,32152,3387,201748
16:28:04,12648,2,199368
16:28:33,32152,2632,201748
16:28:35,12648,2,199368
16:28:35,6860,2,199366
16:28:36,13948,2,199367
16:29:30,25368,4287,201747
16:29:31,13948,1,199367
16:29:32,32152,4287,201748
16:29:32,6860,2,199366
16:29:37,12648,2,199368
16:29:56,32152,4400,201748
16:29:56,6860,1,199366
16:29:58,13948,2,199367
16:29:59,25368,4400,201747
16:30:02,12648,1,199368
16:30:29,25368,4287,201747
16:30:29,13948,1,199367
16:30:30,6860,2,199366
16:30:31,12648,1,199368
16:30:33,32152,4287,201748
16:31:04,32152,4321,201748
16:31:05,6860,1,199366
16:31:06,13948,2,199367
16:31:09,25368,4321,201747
16:31:14,12648,2,199368
16:31:33,25368,3416,201747
16:31:33,13948,2,199367
16:31:34,12648,1,199368
16:31:34,32152,3416,201748
16:31:35,6860,1,199366
16:32:02,25368,4400,201747
16:32:02,32152,4400,201748
16:32:04,6860,1,199366
16:32:04,13948,1,199367
16:32:10,12648,2,199368
16:32:40,6860,1,199366
16:32:41,32152,3416,201748
16:32:41,25368,3416,201747
16:32:41,13948,1,199367
16:32:42,12648,2,199368
16:33:21,12648,2,199368
16:33:22,32152,3527,201748
16:33:24,6860,2,199366
16:33:24,13948,1,199367
16:33:30,25368,3527,201747
16:33:51,25368,3492,201747
16:33:52,12648,1,199368
16:33:53,32152,3492,201748
16:33:53,13948,2,199367
16:33:54,6860,1,199366
16:34:29,6860,1,199366
16:34:30,13948,1,199367
16:34:30,32152,4574,201748
16:34:30,25368,4436,201747
16:34:34,12648,1,199368
16:35:01,13948,2,199367
16:35:01,32152,3527,201748
16:35:02,25368,3527,201747
16:35:02,12648,1,199368
16:35:03,6860,1,199366
16:35:28,6860,2,199366
16:35:29,25368,3527,201747
16:35:29,13948,2,199367
16:35:29,32152,3527,201748
16:35:33,12648,1,199368
16:36:02,32152,4400,201748
16:36:02,25368,4400,201747
16:36:02,6860,1,199366
16:36:03,13948,2,199367
16:36:12,12648,1,199368
16:36:31,32152,4400,201748
16:36:31,13948,2,199367
16:36:32,6860,2,199366
16:36:33,25368,4400,201747
16:36:33,12648,1,199368
16:36:58,6860,1,199366
16:36:58,13948,1,199367
16:36:59,32152,3492,201748
16:37:01,25368,3492,201747
16:37:03,12648,1,199368
16:37:32,13948,2,199367
16:37:32,6860,1,199366
16:37:34,32152,4400,201748
16:37:34,12648,2,199368
16:37:42,25368,4400,201747
16:38:00,13948,1,199367
16:38:02,25368,3527,201747
16:38:02,12648,2,199368
16:38:02,6860,2,199366
16:38:04,32152,3527,201748
16:38:33,12648,1,199368
16:38:34,32152,3416,201748
16:38:35,13948,1,199367
16:38:35,6860,2,199366
16:38:35,25368,3416,201747
16:39:03,25368,4287,201747
16:39:03,13948,2,199367
16:39:03,32152,4287,201748
16:39:05,12648,1,199368
16:39:06,6860,2,199366
16:39:29,6860,1,199366
16:39:29,25368,3492,201747
16:39:30,32152,3492,201748
16:39:30,12648,2,199368
16:39:30,13948,1,199367
16:40:02,6860,1,199366
16:40:03,13948,2,199367
16:40:03,25368,4436,201747
16:40:05,32152,4436,201748
16:40:11,12648,1,199368
16:40:30,13948,1,199367
16:40:31,25368,4400,201747
16:40:31,32152,4400,201748
16:40:34,6860,1,199366
16:40:43,12648,1,199368
16:41:16,12648,2,199368
16:41:16,13948,2,199367
16:41:17,32152,4400,201748
16:41:19,6860,2,199366
16:41:20,25368,4400,201747
16:41:48,32152,4400,201748
16:41:48,13948,1,199367
16:41:50,25368,4400,201747
16:41:52,12648,1,199368
16:41:53,6860,1,199366
16:42:20,12648,1,199368
16:42:20,13948,2,199367
16:42:20,32152,4537,201748
16:42:21,25368,4400,201747
16:42:23,6860,2,199366
16:42:49,6860,1,199366
16:42:50,13948,1,199367
16:42:50,32152,4436,201748
16:42:52,12648,1,199368
16:42:56,25368,4436,201747
17:07:43,2404,2,199367
17:07:43,15280,1,199366
17:07:44,14492,3416,201747
17:07:45,5760,3416,201748
17:07:45,8116,1,199368
17:08:09,15280,2,199366
17:08:10,2404,2,199367
17:08:17,5760,3527,201748
17:08:17,14492,3527,201747
17:08:18,8116,1,199368
17:08:37,14492,3416,201747
17:08:37,2404,2,199367
17:08:38,15280,2,199366
17:08:39,5760,3416,201748
17:08:39,8116,1,199368
17:09:10,14492,4400,201747
17:09:10,2404,1,199367
17:09:11,8116,2,199368
17:09:13,15280,2,199366
17:09:14,5760,4400,201748
17:09:42,15280,1,199366
17:09:43,8116,2,199368
17:09:45,14492,4436,201747
17:09:45,2404,2,199367
17:09:57,5760,4436,201748
17:10:09,15280,2,199366
17:10:09,2404,1,199367
17:10:10,8116,1,199368
17:10:11,14492,3484,201747
17:10:14,5760,3484,201748
17:10:43,15280,1,199366
17:10:43,8116,1,199368
17:10:44,5760,3416,201748
17:10:44,2404,1,199367
17:10:45,14492,3416,201747
17:11:14,2404,1,199367
17:11:14,8116,1,199368
17:11:15,15280,2,199366
17:11:15,14492,3450,201747
17:11:18,5760,3450,201748
17:11:37,5760,3450,201748
17:11:38,8116,1,199368
17:11:38,2404,1,199367
17:11:39,15280,2,199366
17:11:41,14492,3450,201747
17:12:08,14492,3450,201747
17:12:08,2404,1,199367
17:12:09,5760,3450,201748
17:12:09,15280,2,199366
17:12:10,8116,1,199368
17:12:45,2404,2,199367
17:12:45,15280,2,199366
17:12:45,8116,1,199368
17:12:47,14492,4287,201747
17:12:50,5760,4287,201748
17:13:20,5760,4321,201748
17:13:20,8116,1,199368
17:13:21,14492,4321,201747
17:13:21,2404,1,199367
17:13:21,15280,1,199366
17:13:54,14492,3484,201747
17:13:55,2404,1,199367
17:13:57,5760,3484,201748
17:13:58,8116,1,199368
17:13:59,15280,1,199366
17:14:26,5760,3527,201748
17:14:27,2404,1,199367
17:14:28,15280,2,199366
17:14:31,14492,3527,201747
17:14:31,8116,2,199368
17:14:51,15280,2,199366
17:14:51,5760,3450,201748
17:14:52,14492,3450,201747
17:14:55,8116,1,199368
17:14:58,2404,2,199367
17:15:20,5760,3450,201748
17:15:21,14492,3450,201747
17:15:22,15280,1,199366
17:15:23,2404,2,199367
17:15:25,8116,2,199368
17:15:55,15280,1,199366
17:15:56,14492,4321,201747
17:15:57,2404,2,199367
17:15:57,5760,4321,201748
17:15:57,8116,1,199368
17:16:16,15280,2,199366
17:16:18,2404,1,199367
17:16:18,5760,4321,201748
17:16:18,8116,1,199368
17:16:24,14492,4321,201747
17:16:40,2404,2,199367
17:16:40,15280,2,199366
17:16:41,8116,2,199368
17:16:41,14492,3450,201747
17:16:42,5760,3450,201748
17:17:10,8116,2,199368
17:17:11,5760,3450,201748
17:17:12,15280,2,199366
17:17:13,2404,2,199367
17:17:16,14492,3450,201747
17:17:35,2404,1,199367
17:17:36,5760,3484,201748
17:17:36,8116,1,199368
17:17:37,15280,2,199366
17:17:40,14492,3484,201747
17:17:59,5760,3484,201748
17:17:59,2404,1,199367
17:18:00,15280,2,199366
17:18:01,8116,1,199368
17:18:06,14492,3484,201747
17:18:26,2404,1,199367
17:18:26,8116,2,199368
17:18:27,14492,3416,201747
17:18:27,5760,3416,201748
17:18:29,15280,1,199366
17:19:05,14492,3484,201747
17:19:06,2404,1,199367
17:19:06,15280,2,199366
17:19:07,5760,3484,201748
17:19:11,8116,2,199368
17:19:32,8116,1,199368
17:19:33,15280,2,199366
17:19:33,5760,4321,201748
17:19:33,2404,2,199367
17:19:36,14492,4321,201747
17:20:00,15280,1,199366
17:20:01,8116,1,199368
17:20:01,14492,4287,201747
17:20:01,2404,1,199367
17:20:01,5760,4287,201748
17:20:39,15280,1,199366
17:20:39,5760,3416,201748
17:20:42,2404,1,199367
17:20:42,8116,1,199368
17:20:44,14492,3416,201747
17:21:03,14492,3416,201747
17:21:03,2404,1,199367
17:21:06,5760,3416,201748
17:21:08,15280,2,199366
17:21:11,8116,2,199368
17:21:26,8116,1,199368
17:21:27,14492,4287,201747
17:21:27,15280,1,199366
17:21:29,2404,1,199367
17:21:41,5760,4287,201748
17:21:54,2404,2,199367
17:21:55,15280,1,199366
17:21:56,8116,1,199368
17:21:57,14492,3484,201747
17:22:00,5760,3484,201748
17:22:23,14492,3484,201747
17:22:23,15280,1,199366
17:22:23,5760,3484,201748
17:22:23,8116,1,199368
17:22:24,2404,1,199367
17:22:56,15280,1,199366
17:22:56,5760,4287,201748
17:22:56,8116,2,199368
17:22:57,14492,4287,201747
17:22:58,2404,1,199367
17:23:23,14492,4356,201747
17:23:25,15280,1,199366
17:23:25,5760,4356,201748
17:23:26,8116,2,199368
17:23:28,2404,1,199367
17:23:47,14492,4287,201747
17:23:47,15280,1,199366
17:23:47,5760,4287,201748
17:23:48,2404,1,199367
17:23:48,8116,2,199368
17:24:11,15280,1,199366
17:24:11,5760,4287,201748
17:24:11,2404,2,199367
17:24:12,14492,4287,201747
17:24:15,8116,1,199368
17:24:37,2404,2,199367
17:24:37,15280,2,199366
17:24:38,5760,4321,201748
17:24:39,8116,2,199368
17:24:42,14492,4321,201747
17:25:06,8116,2,199368
17:25:08,15280,1,199366
17:25:09,14492,3450,201747
17:25:09,2404,1,199367
17:25:09,5760,3450,201748
17:25:30,2404,2,199367
17:25:30,5760,3484,201748
17:25:31,15280,1,199366
17:25:31,14492,3484,201747
17:25:35,8116,2,199368
17:25:57,14492,4321,201747
17:25:59,15280,1,199366
17:25:59,8116,1,199368
17:26:00,2404,2,199367
17:26:00,5760,4321,201748
17:26:25,14492,4356,201747
17:26:25,15280,1,199366
17:26:26,8116,1,199368
17:26:26,2404,2,199367
17:26:26,5760,4356,201748
17:27:04,14492,3416,201747
17:27:04,2404,1,199367
17:27:05,5760,3416,201748
17:27:05,8116,1,199368
17:27:07,15280,1,199366
17:27:28,14492,3450,201747
17:27:28,15280,1,199366
17:27:29,5760,3450,201748
17:27:31,2404,1,199367
17:27:31,8116,2,199368
17:27:51,2404,1,199367
17:27:52,5760,4321,201748
17:27:52,8116,1,199368
17:27:53,15280,2,199366
17:27:54,14492,4321,201747
17:28:17,2404,1,199367
17:28:17,5760,4356,201748
17:28:18,15280,2,199366
17:28:20,8116,2,199368
17:28:22,14492,4356,201747
17:29:04,2404,1,199367
17:29:05,5760,4287,201748
17:29:05,8116,1,199368
17:29:05,14492,4287,201747
17:29:08,15280,2,199366
17:29:34,8116,1,199368
17:29:35,15280,2,199366
17:29:36,14492,3450,201747
17:29:39,2404,1,199367
17:29:40,5760,3450,201748
17:30:11,14492,4436,201747
17:30:14,8116,2,199368
17:30:15,5760,4436,201748
17:30:15,2404,2,199367
17:30:19,15280,2,199366
17:30:41,15280,1,199366
17:30:42,14492,4287,201747
17:30:43,2404,2,199367
17:30:43,5760,4287,201748
17:30:45,8116,1,199368
17:31:18,2404,2,199367
17:31:19,15280,2,199366
17:31:19,8116,1,199368
17:31:25,5760,3484,201748
17:31:26,14492,3484,201747
17:31:49,14492,4356,201747
17:31:49,2404,1,199367
17:31:49,15280,1,199366
17:31:51,5760,4356,201748
17:31:58,8116,2,199368
17:32:20,8116,1,199368
17:32:20,2404,1,199367
17:32:21,14492,4356,201747
17:32:21,15280,1,199366
17:32:27,5760,4356,201748
17:32:44,5760,4400,201748
17:32:44,8116,2,199368
17:32:44,14492,4400,201747
17:32:44,2404,1,199367
17:32:44,15280,2,199366
17:33:22,15280,1,199366
17:33:22,14492,3416,201747
17:33:22,2404,1,199367
17:33:23,5760,3416,201748
17:33:24,8116,1,199368
17:34:00,2404,1,199367
17:34:00,5760,3484,201748
17:34:00,8116,1,199368
17:34:07,15280,1,199366
17:34:09,14492,3484,201747
17:34:22,8116,1,199368
17:34:22,14492,4287,201747
17:34:22,2404,1,199367
17:34:22,15280,2,199366
17:34:26,5760,4287,201748
17:34:45,15280,2,199366
17:34:46,14492,3450,201747
17:34:50,2404,2,199367
17:34:51,8116,1,199368
17:34:52,5760,3450,201748
17:35:26,8116,2,199368
17:35:26,2404,1,199367
17:35:26,15280,2,199366
17:35:27,5760,4436,201748
17:35:37,14492,4436,201747
17:36:11,8116,1,199368
17:36:11,15280,1,199366
17:36:11,5760,4356,201748
17:36:14,14492,4356,201747
17:36:14,2404,1,199367
17:36:38,2404,1,199367
17:36:38,14492,4321,201747
17:36:39,5760,4321,201748
17:36:40,15280,2,199366
17:36:41,8116,1,199368
17:37:03,8116,2,199368
17:37:04,2404,1,199367
17:37:07,15280,2,199366
17:37:08,14492,3450,201747
17:37:09,5760,3450,201748
17:37:49,5760,3450,201748
17:37:50,8116,2,199368
17:37:50,14492,3450,201747
17:37:52,2404,1,199367
17:37:52,15280,1,199366
17:38:18,5760,3450,201748
17:38:19,8116,2,199368
17:38:21,2404,1,199367
17:38:21,14492,3450,201747
17:38:22,15280,2,199366
17:38:44,2404,1,199367
17:38:44,15280,2,199366
17:38:45,8116,1,199368
17:38:45,14492,3484,201747
17:38:52,5760,3484,201748
17:39:11,14492,3450,201747
17:39:11,2404,1,199367
17:39:11,15280,1,199366
17:39:11,8116,1,199368
17:39:14,5760,3450,201748
17:39:35,8116,1,199368
17:39:35,14492,3450,201747
17:39:35,2404,2,199367
17:39:35,15280,2,199366
17:39:36,5760,3450,201748
17:40:02,2404,1,199367
17:40:03,15280,2,199366
17:40:03,5760,3527,201748
17:40:03,14492,3527,201747
17:40:08,8116,1,199368
17:40:29,2404,1,199367
17:40:30,5760,3450,201748
17:40:30,14492,3450,201747
17:40:30,15280,2,199366
17:40:33,8116,1,199368
17:40:52,15280,1,199366
17:40:54,14492,4321,201747
17:40:54,2404,2,199367
17:40:56,5760,4321,201748
17:41:03,8116,2,199368
17:41:29,15280,2,199366
17:41:29,2404,1,199367
17:41:30,5760,3416,201748
17:41:30,14492,3416,201747
17:41:31,8116,2,199368
17:41:57,8116,1,199368
17:41:57,15280,1,199366
17:41:58,14492,3450,201747
17:41:58,2404,2,199367
17:41:59,5760,3450,201748
17:42:26,5760,4321,201748
17:42:26,14492,4321,201747
17:42:26,15280,2,199366
17:42:27,8116,2,199368
17:42:27,2404,2,199367
17:42:53,8116,2,199368
17:42:54,15280,2,199366
17:42:56,5760,4287,201748
17:42:56,2404,1,199367
17:42:57,14492,4287,201747
17:43:15,2404,2,199367
17:43:16,15280,2,199366
17:43:16,5760,4436,201748
17:43:16,14492,4436,201747
17:43:21,8116,1,199368
17:43:42,2404,2,199367
17:43:43,14492,4287,201747
17:43:43,8116,1,199368
17:43:44,15280,1,199366
17:43:50,5760,4287,201748
17:44:14,8116,1,199368
17:44:15,15280,2,199366
17:44:15,2404,2,199367
17:44:18,14492,4287,201747
17:44:18,5760,4287,201748
17:44:45,8116,2,199368
17:44:45,15280,1,199366
17:44:46,5760,3416,201748
17:44:46,2404,2,199367
17:44:51,14492,3416,201747
17:45:13,5760,3450,201748
17:45:14,15280,2,199366
17:45:15,2404,1,199367
17:45:17,14492,3450,201747
17:45:18,8116,2,199368
17:45:46,5760,4287,201748
17:45:47,15280,2,199366
17:45:48,14492,4287,201747
17:45:49,8116,2,199368
17:45:49,2404,2,199367
17:46:16,14492,3416,201747
17:46:16,2404,2,199367
17:46:16,5760,3416,201748
17:46:17,8116,2,199368
17:46:17,15280,2,199366
17:46:44,15280,2,199366
17:46:45,2404,2,199367
17:46:45,8116,2,199368
17:46:45,14492,3450,201747
17:46:47,5760,3450,201748
17:47:17,2404,1,199367
17:47:18,15280,1,199366
17:47:19,5760,4287,201748
17:47:19,8116,1,199368
17:47:19,14492,4287,201747
17:47:45,8116,1,199368
17:47:45,15280,2,199366
17:47:45,2404,2,199367
17:47:46,14492,4321,201747
17:47:50,5760,4321,201748
17:48:14,2404,2,199367
17:48:14,8116,1,199368
17:48:15,15280,2,199366
17:48:16,14492,3484,201747
17:48:16,5760,3484,201748
17:48:43,8116,2,199368
17:48:43,15280,1,199366
17:48:44,2404,1,199367
17:48:44,5760,4356,201748
17:48:45,14492,4356,201747
17:49:09,14492,3450,201747
17:49:10,8116,1,199368
17:49:12,5760,3450,201748
17:49:13,2404,2,199367
17:49:13,15280,2,199366
17:49:47,8116,2,199368
17:49:52,5760,3484,201748
17:49:53,14492,3484,201747
17:49:54,15280,2,199366
17:49:58,2404,2,199367
17:50:12,5760,4356,201748
17:50:12,8116,2,199368
17:50:13,15280,1,199366
17:50:13,14492,4356,201747
17:50:14,2404,1,199367
17:50:51,8116,1,199368
17:50:52,2404,1,199367
17:50:53,15280,1,199366
17:50:54,5760,4321,201748
17:50:55,14492,4321,201747
17:51:13,2404,2,199367
17:51:15,8116,2,199368
17:51:16,15280,2,199366
17:51:17,5760,4321,201748
17:51:18,14492,4321,201747
17:51:36,5760,3450,201748
17:51:37,8116,1,199368
17:51:38,15280,2,199366
17:51:39,2404,2,199367
17:51:40,14492,3450,201747
17:52:01,2404,1,199367
17:52:02,15280,1,199366
17:52:03,8116,2,199368
17:52:04,5760,4321,201748
17:52:07,14492,4321,201747
17:52:28,8116,2,199368
17:52:28,14492,4356,201747
17:52:28,2404,2,199367
17:52:30,15280,2,199366
17:52:30,5760,4356,201748
17:52:51,14492,3527,201747
17:52:53,2404,2,199367
17:52:54,8116,2,199368
17:52:56,15280,1,199366
17:52:57,5760,3527,201748
17:53:14,2404,1,199367
17:53:15,14492,3484,201747
17:53:15,15280,2,199366
17:53:19,5760,3484,201748
17:53:21,8116,1,199368
17:53:38,8116,1,199368
17:53:39,5760,3450,201748
17:53:39,14492,3450,201747
17:53:40,2404,2,199367
17:53:44,15280,1,199366
17:54:04,14492,4287,201747
17:54:04,5760,4287,201748
17:54:04,8116,1,199368
17:54:06,15280,2,199366
17:54:06,2404,1,199367
17:54:26,2404,1,199367
17:54:26,8116,2,199368
17:54:30,5760,3450,201748
17:54:32,14492,3450,201747
17:54:35,15280,2,199366
17:54:59,8116,1,199368
17:55:01,2404,1,199367
17:55:04,15280,1,199366
17:55:04,14492,3416,201747
17:55:05,5760,3416,201748
17:55:22,14492,4287,201747
17:55:24,15280,1,199366
17:55:25,2404,2,199367
17:55:29,8116,1,199368
17:55:29,5760,4287,201748
17:55:56,5760,3450,201748
17:55:57,2404,2,199367
17:55:59,8116,2,199368
17:56:01,15280,1,199366
17:56:03,14492,3450,201747
17:56:26,14492,3450,201747
17:56:26,2404,2,199367
17:56:26,5760,3450,201748
17:56:27,15280,2,199366
17:56:27,8116,1,199368
17:56:58,5760,3484,201748
17:57:01,8116,1,199368
17:57:01,14492,3484,201747
17:57:04,2404,2,199367
17:57:06,15280,1,199366
17:57:30,15280,2,199366
17:57:30,5760,3484,201748
17:57:30,8116,1,199368
17:57:33,2404,1,199367
17:57:36,14492,3484,201747
17:58:11,2404,1,199367
17:58:13,15280,2,199366
17:58:16,8116,2,199368
17:58:17,14492,3450,201747
17:58:17,5760,3450,201748
17:58:30,15280,1,199366
17:58:31,5760,4400,201748
17:58:31,8116,1,199368
17:58:31,14492,4400,201747
17:58:32,2404,1,199367
17:59:01,14492,4321,201747
17:59:01,2404,1,199367
17:59:02,15280,2,199366
17:59:02,8116,2,199368
17:59:07,5760,4321,201748
17:59:26,14492,3484,201747
17:59:27,15280,2,199366
17:59:27,8116,1,199368
17:59:28,5760,3484,201748
17:59:29,2404,1,199367
17:59:54,8116,2,199368
17:59:54,15280,2,199366
17:59:55,5760,4287,201748
17:59:56,14492,4287,201747
17:59:56,2404,2,199367
18:00:30,14492,4356,201747
18:00:30,5760,4356,201748
18:00:30,8116,2,199368
18:00:32,15280,2,199366
18:00:32,2404,1,199367
18:00:59,15280,1,199366
18:01:00,8116,2,199368
18:01:01,2404,2,199367
18:01:02,14492,3484,201747
18:01:04,5760,3484,201748
18:01:25,15280,1,199366
18:01:26,8116,2,199368
18:01:26,14492,3450,201747
18:01:27,5760,3450,201748
18:01:29,2404,2,199367
18:01:52,14492,4321,201747
18:01:56,15280,1,199366
18:01:57,2404,1,199367
18:01:57,5760,4321,201748
18:01:57,8116,2,199368
18:02:19,8116,2,199368
18:02:20,2404,1,199367
18:02:22,15280,1,199366
18:02:22,5760,4287,201748
18:02:31,14492,4287,201747
18:02:57,2404,1,199367
18:02:58,5760,3450,201748
18:02:58,8116,2,199368
18:02:58,14492,3450,201747
18:03:01,15280,2,199366
18:03:25,8116,2,199368
18:03:25,14492,3416,201747
18:03:25,2404,2,199367
18:03:27,15280,1,199366
18:03:28,5760,3416,201748
18:03:50,14492,3416,201747
18:03:52,8116,1,199368
18:03:53,2404,1,199367
18:03:55,5760,3416,201748
18:03:55,15280,1,199366
18:04:29,5760,4321,201748
18:04:29,15280,2,199366
18:04:30,8116,1,199368
18:04:31,14492,4321,201747
18:04:31,2404,1,199367
18:04:58,14492,4287,201747
18:04:59,5760,4287,201748
18:05:00,8116,2,199368
18:05:00,2404,2,199367
18:05:01,15280,1,199366
18:05:26,5760,3450,201748
18:05:26,8116,2,199368
18:05:26,2404,2,199367
18:05:28,15280,2,199366
18:05:29,14492,3450,201747
18:05:54,14492,3416,201747
18:05:55,15280,1,199366
18:05:55,2404,1,199367
18:05:56,8116,1,199368
18:06:10,5760,3416,201748
18:06:21,15280,1,199366
18:06:21,5760,3450,201748
18:06:22,14492,3450,201747
18:06:24,8116,1,199368
18:06:25,2404,2,199367
18:06:49,14492,3416,201747
18:06:50,8116,2,199368
18:06:50,15280,2,199366
18:06:51,5760,3416,201748
18:06:51,2404,2,199367
18:07:38,8116,2,199368
18:07:39,5760,4400,201748
18:07:39,15280,2,199366
18:07:39,2404,2,199367
18:07:41,14492,4400,201747
18:08:09,5760,4356,201748
18:08:10,15280,2,199366
18:08:11,14492,4356,201747
18:08:12,8116,2,199368
18:08:14,2404,1,199367
18:08:35,2404,2,199367
18:08:36,8116,2,199368
18:08:38,15280,1,199366
18:08:38,14492,3484,201747
18:08:40,5760,3484,201748
18:09:04,8116,2,199368
18:09:05,14492,4321,201747
18:09:05,2404,1,199367
18:09:06,5760,4321,201748
18:09:08,15280,1,199366
18:09:45,2404,1,199367
18:09:45,14492,3484,201747
18:09:46,15280,1,199366
18:09:46,8116,1,199368
18:09:51,5760,3484,201748
18:10:12,2404,1,199367
18:10:13,8116,1,199368
18:10:14,5760,4321,201748
18:10:14,15280,2,199366
18:10:16,14492,4321,201747
18:10:43,2404,1,199367
18:10:43,15280,2,199366
18:10:45,14492,4400,201747
18:10:45,8116,1,199368
18:10:46,5760,4400,201748
18:11:18,5760,4471,201748
18:11:18,2404,2,199367
18:11:18,15280,2,199366
18:11:20,14492,4287,201747
18:11:22,8116,2,199368
18:11:45,2404,2,199367
18:11:45,8116,2,199368
18:11:46,14492,4356,201747
18:11:46,5760,4543,201748
18:11:47,15280,2,199366
18:12:11,2404,1,199367
18:12:13,8116,2,199368
18:12:13,15280,1,199366
18:12:18,14492,3450,201747
18:12:24,5760,3598,201748
18:12:33,15280,2,199366
18:12:35,8116,2,199368
18:12:35,14492,3450,201747
18:12:36,2404,1,199367
18:12:43,5760,7196,201748
18:12:58,14492,4287,201747
18:12:58,2404,1,199367
18:12:58,15280,2,199366
18:12:58,8116,2,199368
18:13:05,5760,8942,201748
18:13:38,5760,9014,201748
18:13:39,2404,2,199367
18:13:39,14492,4321,201747
18:13:40,8116,1,199368
18:13:40,15280,2,199366
18:14:03,8116,2,199368
18:14:04,15280,2,199366
18:14:04,14492,3450,201747
18:14:05,2404,1,199367
18:14:05,5760,7196,201748
18:14:45,5760,7196,201748
18:14:47,15280,1,199366
18:14:48,2404,1,199367
18:14:48,8116,1,199368
18:14:51,14492,3450,201747
18:15:09,2404,1,199367
18:15:10,8116,1,199368
18:15:13,15280,2,199366
18:15:17,5760,7268,201748
18:15:30,14492,3484,201747
18:15:55,15280,1,199366
18:15:55,8116,1,199368
18:15:57,14492,4287,201747
18:15:59,5760,8942,201748
18:16:01,2404,1,199367
18:16:16,8116,1,199368
18:16:18,15280,2,199366
18:16:19,5760,9148,201748
18:16:20,14492,4436,201747
18:16:22,2404,1,199367
18:16:39,8116,1,199368
18:16:39,14492,3637,201747
18:16:40,15280,1,199366
18:16:42,5760,7274,201748
18:16:43,2404,1,199367
18:17:04,5760,7196,201748
18:17:04,14492,3598,201747
18:17:05,15280,2,199366
18:17:05,2404,1,199367
18:17:05,8116,1,199368
18:17:30,8116,2,199368
18:17:31,14492,3598,201747
18:17:31,15280,1,199366
18:17:32,2404,1,199367
18:17:32,5760,7196,201748
18:17:57,2404,1,199367
18:17:59,14492,4507,201747
18:18:00,5760,9014,201748
18:18:00,8116,2,199368
18:18:01,15280,1,199366
18:18:33,8116,1,199368
18:18:34,2404,2,199367
18:18:37,15280,2,199366
18:18:37,5760,7196,201748
18:18:38,14492,3598,201747
18:19:24,2404,2,199367
18:19:25,15280,1,199366
18:19:26,8116,2,199368
18:19:29,14492,3563,201747
18:19:32,5760,7126,201748
18:20:12,8116,2,199368
18:20:13,15280,1,199366
18:20:14,14492,4471,201747
18:20:15,5760,8942,201748
18:20:19,2404,1,199367
18:20:40,2404,2,199367
18:20:42,8116,2,199368
18:20:42,14492,4471,201747
18:20:47,15280,2,199366
18:20:49,5760,8942,201748
18:21:08,8116,2,199368
18:21:09,2404,1,199367
18:21:11,14492,3598,201747
18:21:12,5760,7196,201748
18:21:14,15280,2,199366
18:21:33,8116,2,199368
18:21:34,14492,4574,201747
18:21:35,15280,2,199366
18:21:35,2404,2,199367
18:21:36,5760,9148,201748
18:22:23,15280,2,199366
18:22:24,2404,1,199367
18:22:25,8116,1,199368
18:22:26,14492,3563,201747
18:22:28,5760,7126,201748
18:22:48,15280,1,199366
18:22:49,2404,2,199367
18:22:49,5760,8942,201748
18:22:51,8116,2,199368
18:22:52,14492,4471,201747
18:23:10,15280,1,199366
18:23:11,8116,2,199368
18:23:11,2404,2,199367
18:23:13,14492,3634,201747
18:23:16,5760,7268,201748
18:23:43,8116,1,199368
18:23:44,14492,4530,201747
18:23:44,5760,9060,201748
18:23:45,15280,1,199366
18:23:45,2404,2,199367
18:24:07,15280,2,199366
18:24:08,5760,9060,201748
18:24:08,14492,4530,201747
18:24:08,2404,2,199367
18:24:12,8116,1,199368
18:24:25,5760,7178,201748
18:24:26,2404,1,199367
18:24:27,8116,1,199368
18:24:27,14492,3589,201747
18:24:27,15280,2,199366
18:25:07,2404,1,199367
18:25:08,14492,3625,201747
18:25:08,15280,1,199366
18:25:09,5760,7250,201748
18:25:11,8116,2,199368
18:25:36,2404,2,199367
18:25:37,8116,1,199368
18:25:38,14492,3532,201747
18:25:38,15280,2,199366
18:25:38,5760,7064,201748
18:26:02,5760,7320,201748
18:26:02,8116,2,199368
18:26:03,15280,2,199366
18:26:03,2404,2,199367
18:26:05,14492,3660,201747
18:26:20,2404,1,199367
18:26:21,15280,1,199366
18:26:22,8116,1,199368
18:26:23,5760,7250,201748
18:26:29,14492,3625,201747
18:26:45,8116,1,199368
18:26:45,14492,3498,201747
18:26:45,15280,2,199366
18:26:48,2404,2,199367
18:26:55,5760,6996,201748
18:27:19,8116,1,199368
18:27:20,15280,2,199366
18:27:20,2404,2,199367
18:27:21,14492,3625,201747
18:27:21,5760,7250,201748
18:27:49,15280,1,199366
18:27:49,8116,2,199368
18:27:50,2404,1,199367
18:27:50,5760,8780,201748
18:27:53,14492,4390,201747
18:28:12,2404,1,199367
18:28:13,15280,2,199366
18:28:14,14492,3625,201747
18:28:14,5760,7250,201748
18:28:15,8116,2,199368
18:28:50,15280,1,199366
18:28:52,5760,7250,201748
18:28:52,8116,2,199368
18:28:54,2404,2,199367
18:28:55,14492,3625,201747
18:29:33,2404,2,199367
18:29:35,8116,2,199368
18:29:35,15280,2,199366
18:29:35,5760,9060,201748
18:29:36,14492,4530,201747
18:29:56,2404,2,199367
18:29:56,5760,9158,201748
18:29:57,14492,4579,201747
18:30:00,8116,1,199368
18:30:00,15280,1,199366
18:30:22,14492,3671,201747
18:30:23,8116,1,199368
18:30:24,15280,1,199366
18:30:24,2404,1,199367
18:30:24,5760,7342,201748
18:30:47,5760,7274,201748
18:30:47,8116,1,199368
18:30:48,2404,2,199367
18:30:49,15280,2,199366
18:30:50,14492,3637,201747
18:31:25,15280,1,199366
18:31:27,2404,2,199367
18:31:27,5760,7202,201748
18:31:28,8116,2,199368
18:31:31,14492,3601,201747
18:31:50,15280,2,199366
18:31:50,2404,2,199367
18:31:50,8116,1,199368
18:31:51,14492,3563,201747
18:31:53,5760,7126,201748
18:32:20,2404,2,199367
18:32:20,8116,2,199368
18:32:20,14492,3637,201747
18:32:21,15280,1,199366
18:32:24,5760,7274,201748
18:32:45,8116,1,199368
18:32:45,15280,2,199366
18:32:46,5760,7250,201748
18:32:46,14492,3625,201747
18:32:47,2404,1,199367
18:33:22,2404,1,199367
18:33:24,8116,1,199368
18:33:24,15280,2,199366
18:33:25,14492,3532,201747
18:33:28,5760,7064,201748
18:34:04,5760,8916,201748
18:34:04,8116,1,199368
18:34:04,15280,1,199366
18:34:05,2404,2,199367
18:34:05,14492,4458,201747
18:34:41,2404,1,199367
18:34:43,15280,2,199366
18:34:45,8116,2,199368
18:34:49,5760,8988,201748
18:34:49,14492,4494,201747
18:35:17,15280,2,199366
18:35:18,2404,1,199367
18:35:19,5760,7320,201748
18:35:19,8116,2,199368
18:35:24,14492,3660,201747
18:36:04,5760,7262,201748
18:36:05,8116,1,199368
18:36:05,15280,2,199366
18:36:06,2404,2,199367
18:36:07,14492,3631,201747
18:36:47,8116,1,199368
18:36:47,14492,2922,201747
18:36:47,15280,1,199366
18:36:47,5760,5844,201748
18:36:48,2404,1,199367
18:37:30,2404,2,199367
18:37:30,14492,3631,201747
18:37:31,8116,2,199368
18:37:31,15280,2,199366
18:37:31,5760,7262,201748
18:38:09,5760,5844,201748
18:38:09,15280,1,199366
18:38:10,8116,1,199368
18:38:10,14492,2922,201747
18:38:12,2404,2,199367
18:38:38,2404,2,199367
18:38:38,8116,1,199368
18:38:38,5760,7268,201748
18:38:39,14492,3634,201747
18:38:42,15280,1,199366
18:39:09,5760,7108,201748
18:39:10,8116,1,199368
18:39:10,14492,3554,201747
18:39:12,15280,2,199366
18:39:13,2404,1,199367
18:39:41,15280,1,199366
18:39:41,2404,2,199367
18:39:43,5760,7262,201748
18:39:44,8116,1,199368
18:39:44,14492,3631,201747
18:40:12,8116,2,199368
18:40:13,5760,8988,201748
18:40:13,2404,1,199367
18:40:13,14492,4494,201747
18:40:14,15280,1,199366
18:40:56,5760,7262,201748
18:40:56,8116,2,199368
18:40:58,14492,3631,201747
18:40:58,15280,2,199366
18:40:59,2404,1,199367
18:41:41,2404,1,199367
18:41:41,15280,1,199366
18:41:43,5760,9060,201748
18:41:43,8116,1,199368
18:41:44,14492,4530,201747
18:42:25,14492,3634,201747
18:42:25,15280,2,199366
18:42:25,5760,7268,201748
18:42:27,2404,2,199367
18:42:27,8116,2,199368
18:42:51,15280,1,199366
18:42:51,2404,1,199367
18:42:52,8116,2,199368
18:42:53,5760,9086,201748
18:42:53,14492,4543,201747
18:43:20,14492,3634,201747
18:43:22,2404,2,199367
18:43:22,8116,1,199368
18:43:24,15280,2,199366
18:43:27,5760,7268,201748
18:44:11,2404,2,199367
18:44:11,14492,4530,201747
18:44:12,8116,2,199368
18:44:12,5760,9060,201748
18:44:13,15280,2,199366
18:44:45,14492,4543,201747
18:44:48,8116,1,199368
18:44:48,15280,2,199366
18:44:48,2404,2,199367
18:44:52,5760,9086,201748
18:45:32,5760,7262,201748
18:45:33,8116,1,199368
18:45:33,2404,2,199367
18:45:34,15280,1,199366
18:45:39,14492,3631,201747
18:46:03,8116,2,199368
18:46:04,2404,1,199367
18:46:05,5760,9086,201748
18:46:06,14492,4543,201747
18:46:07,15280,2,199366
18:46:39,14492,4543,201747
18:46:40,15280,2,199366
18:46:40,5760,9086,201748
18:46:41,8116,2,199368
18:46:42,2404,1,199367
18:47:14,15280,2,199366
18:47:14,5760,9132,201748
18:47:18,2404,2,199367
18:47:20,14492,3631,201747
18:47:23,8116,1,199368
18:47:36,8116,1,199368
18:47:36,15280,1,199366
18:47:37,14492,4530,201747
18:47:39,2404,1,199367
18:47:40,5760,9060,201748
18:48:00,5760,7268,201748
18:48:01,15280,2,199366
18:48:01,8116,1,199368
18:48:02,14492,3634,201747
18:48:03,2404,1,199367
18:48:28,2404,1,199367
18:48:28,14492,4579,201747
18:48:28,15280,2,199366
18:48:30,8116,2,199368
18:48:32,5760,9158,201748
18:48:51,15280,2,199366
18:48:52,2404,2,199367
18:48:54,8116,1,199368
18:48:54,14492,4616,201747
18:48:56,5760,9232,201748
18:49:22,5760,7268,201748
18:49:22,14492,3634,201747
18:49:22,15280,2,199366
18:49:24,2404,1,199367
18:49:30,8116,1,199368
18:49:52,14492,3671,201747
18:49:52,5760,7342,201748
18:49:53,2404,1,199367
18:49:54,15280,1,199366
18:49:57,8116,2,199368
18:50:37,2404,2,199367
18:50:37,14492,3688,201747
18:50:39,5760,7376,201748
18:50:39,15280,1,199366
18:50:41,8116,2,199368
18:50:58,5760,7178,201748
18:50:58,14492,3589,201747
18:50:59,15280,1,199366
18:51:02,8116,2,199368
18:51:03,2404,1,199367
18:51:27,5760,5844,201748
18:51:28,2404,2,199367
18:51:29,14492,2922,201747
18:51:29,15280,1,199366
18:51:30,8116,2,199368
18:52:14,15280,2,199366
18:52:14,5760,9158,201748
18:52:14,2404,1,199367
18:52:14,8116,2,199368
18:52:17,14492,4579,201747
18:52:37,8116,2,199368
18:52:37,5760,8990,201748
18:52:39,14492,4495,201747
18:52:39,15280,2,199366
18:52:39,2404,1,199367
18:53:22,14492,3660,201747
18:53:22,15280,1,199366
18:53:23,5760,7320,201748
18:53:23,2404,1,199367
18:53:24,8116,2,199368
18:53:47,15280,2,199366
18:53:49,2404,1,199367
18:53:49,14492,3554,201747
18:53:49,5760,7108,201748
18:53:51,8116,2,199368
18:54:31,8116,1,199368
18:54:33,2404,2,199367
18:54:37,15280,2,199366
18:54:38,14492,3631,201747
18:54:38,5760,7262,201748
18:55:02,8116,2,199368
18:55:02,15280,2,199366
18:55:03,14492,3631,201747
18:55:05,5760,7262,201748
18:55:06,2404,2,199367
18:55:32,15280,2,199366
18:55:33,8116,2,199368
18:55:33,5760,7204,201748
18:55:33,2404,2,199367
18:55:36,14492,3602,201747
18:55:56,2404,2,199367
18:55:58,14492,4543,201747
18:55:59,5760,9086,201748
18:56:01,15280,1,199366
18:56:02,8116,2,199368
18:56:26,5760,-24258,201748
18:56:27,2404,2,199367
18:56:28,14492,3600,201747
18:56:29,15280,2,199366
18:56:29,8116,1,199368
18:56:52,14492,2660,201747
18:56:53,2404,1,199367
18:56:54,15280,1,199366
18:56:55,8116,2,199368
18:57:34,2404,2,199367
18:57:34,15280,2,199366
18:57:35,14492,3642,201747
18:57:35,8116,2,199368
18:58:02,14492,2738,201747
18:58:02,15280,1,199366
18:58:02,2404,2,199367
18:58:03,8116,1,199368
18:58:28,15280,1,199366
18:58:29,8116,2,199368
18:58:29,14492,3523,201747
18:58:32,2404,2,199367
18:58:54,2404,2,199367
18:58:55,8116,2,199368
18:58:55,15280,2,199366
18:59:07,14492,2738,201747
18:59:23,15280,2,199366
18:59:23,8116,2,199368
18:59:26,14492,3571,201747
18:59:26,2404,2,199367
18:59:45,15280,2,199366
18:59:49,8116,1,199368
18:59:49,2404,2,199367
18:59:50,14492,3523,201747
19:00:31,15280,2,199366
19:00:32,2404,2,199367
19:00:36,8116,1,199368
19:00:38,14492,2897,201747
19:01:10,8116,2,199368
19:01:12,14492,2660,201747
19:01:13,2404,1,199367
19:01:15,15280,2,199366
19:01:49,15280,2,199366
19:01:49,8116,2,199368
19:01:53,2404,2,199367
19:01:55,14492,2165,201747
19:02:24,8116,1,199368
19:02:26,15280,1,199366
19:02:26,14492,2925,201747
19:02:27,2404,2,199367
19:03:02,15280,1,199366
19:03:03,2404,2,199367
19:03:04,8116,1,199368
19:03:07,14492,3603,201747
19:03:32,15280,2,199366
19:03:33,14492,2165,201747
19:03:33,2404,2,199367
19:03:36,8116,1,199368
19:03:58,14492,2738,201747
19:03:59,15280,1,199366
19:04:01,8116,2,199368
19:04:05,2404,2,199367
19:04:25,8116,2,199368
19:04:27,15280,1,199366
19:04:30,2404,2,199367
19:04:31,14492,2165,201747
19:04:49,2404,2,199367
19:04:49,14492,3559,201747
19:04:49,8116,2,199368
19:04:51,15280,2,199366
19:05:30,15280,1,199366
19:05:31,2404,1,199367
19:05:33,14492,2897,201747
19:05:36,8116,2,199368
19:05:57,15280,2,199366
19:05:58,14492,2193,201747
19:05:58,2404,2,199367
19:05:59,8116,2,199368
19:06:23,14492,2738,201747
19:06:24,2404,1,199367
19:06:25,15280,1,199366
19:06:26,8116,1,199368
19:07:06,14492,2925,201747
19:07:07,8116,2,199368
19:07:08,2404,2,199367
19:07:09,15280,2,199366
19:07:33,14492,2193,201747
19:07:35,15280,1,199366
19:07:36,2404,1,199367
19:07:40,8116,1,199368
19:07:58,15280,2,199366
19:07:59,2404,1,199367
19:08:04,8116,1,199368
19:08:08,14492,3639,201747
19:08:25,15280,1,199366
19:08:26,2404,1,199367
19:08:26,14492,2702,201747
19:08:27,8116,2,199368
19:08:58,2404,1,199367
19:08:58,14492,2738,201747
19:08:59,8116,1,199368
19:09:05,15280,1,199366
19:09:41,15280,1,199366
19:09:42,14492,2897,201747
19:09:44,8116,1,199368
19:09:47,2404,1,199367
19:10:09,8116,2,199368
19:10:13,15280,2,199366
19:10:15,14492,2165,201747
19:10:20,2404,1,199367
19:10:44,2404,2,199367
19:10:46,14492,3559,201747
19:10:46,15280,1,199366
19:10:48,8116,1,199368
19:11:11,2404,1,199367
19:11:12,14492,2660,201747
19:11:12,8116,2,199368
19:11:12,15280,1,199366
19:11:46,2404,2,199367
19:11:47,15280,2,199366
19:11:49,14492,2702,201747
19:11:49,8116,1,199368
19:12:25,2404,2,199367
19:12:25,8116,1,199368
19:12:26,14492,3571,201747
19:12:27,15280,1,199366
19:13:03,14492,3571,201747
19:13:03,8116,2,199368
19:13:04,15280,2,199366
19:13:06,2404,1,199367
19:13:32,15280,1,199366
19:13:32,2404,1,199367
19:13:33,8116,2,199368
19:13:36,14492,2738,201747
19:14:08,8116,2,199368
19:14:11,2404,1,199367
19:14:13,15280,1,199366
19:14:13,14492,2165,201747
19:14:35,2404,2,199367
19:14:35,14492,3523,201747
19:14:36,15280,2,199366
19:14:37,8116,1,199368
19:15:02,15280,1,199366
19:15:03,8116,1,199368
19:15:04,2404,2,199367
19:15:09,14492,3639,201747
19:15:31,8116,2,199368
19:15:33,14492,2193,201747
19:15:34,15280,2,199366
19:15:39,2404,1,199367
19:15:58,14492,2652,201747
19:15:58,15280,1,199366
19:15:59,8116,1,199368
19:15:59,2404,2,199367
19:16:28,2404,2,199367
19:16:28,14492,3639,201747
19:16:29,15280,2,199366
19:16:29,8116,2,199368
19:16:52,15280,1,199366
19:16:52,2404,1,199367
19:16:56,8116,2,199368
19:16:58,14492,3523,201747
19:17:15,14492,2660,201747
19:17:16,8116,2,199368
19:17:17,15280,2,199366
19:17:18,2404,1,199367
19:17:37,14492,2165,201747
19:17:38,2404,1,199367
19:17:39,15280,1,199366
19:17:41,8116,1,199368
19:18:09,8116,1,199368
19:18:09,2404,1,199367
19:18:10,15280,1,199366
19:18:11,14492,2869,201747
19:18:35,8116,2,199368
19:18:36,14492,2869,201747
19:18:36,2404,1,199367
19:18:38,15280,2,199366
19:18:58,14492,3523,201747
19:18:58,15280,2,199366
19:18:59,2404,1,199367
19:19:00,8116,1,199368
19:19:28,15280,1,199366
19:19:30,2404,2,199367
19:19:31,14492,2738,201747
19:19:31,8116,1,199368
19:20:00,14492,2193,201747
19:20:02,15280,2,199366
19:20:03,8116,2,199368
19:20:06,2404,2,199367
19:20:23,8116,2,199368
19:20:24,2404,2,199367
19:20:24,15280,2,199366
19:20:24,14492,3559,201747
19:20:53,15280,2,199366
19:20:55,14492,2193,201747
19:20:57,8116,1,199368
19:21:00,2404,1,199367
19:21:20,15280,2,199366
19:21:20,14492,2165,201747
19:21:21,8116,1,199368
19:21:27,2404,2,199367
19:21:54,8116,2,199368
19:21:55,14492,2925,201747
19:21:56,2404,1,199367
19:21:57,15280,2,199366
19:22:19,8116,2,199368
19:22:20,2404,1,199367
19:22:22,15280,1,199366
19:22:22,14492,2925,201747
19:22:44,14492,2738,201747
19:22:45,15280,2,199366
19:22:49,8116,2,199368
19:22:50,2404,1,199367
19:23:05,8116,1,199368
19:23:05,15280,2,199366
19:23:06,2404,1,199367
19:23:12,14492,2660,201747
19:23:40,14492,2897,201747
19:23:41,15280,1,199366
19:23:42,2404,1,199367
19:23:45,8116,1,199368
19:24:12,8116,1,199368
19:24:13,2404,2,199367
19:24:13,15280,2,199366
19:24:13,14492,2925,201747
19:24:38,8116,2,199368
19:24:39,15280,2,199366
19:24:39,14492,2702,201747
19:24:39,2404,1,199367
19:25:19,15280,1,199366
19:25:21,14492,3639,201747
19:25:22,8116,1,199368
19:25:23,2404,1,199367
19:25:49,8116,1,199368
19:25:49,2404,2,199367
19:25:51,15280,1,199366
19:25:52,14492,2897,201747
19:26:17,2404,1,199367
19:26:17,15280,2,199366
19:26:18,8116,1,199368
19:26:20,14492,3603,201747
19:26:58,2404,2,199367
19:27:00,15280,2,199366
19:27:01,8116,1,199368
19:27:05,14492,2165,201747
19:27:25,2404,2,199367
19:27:25,14492,3559,201747
19:27:26,8116,1,199368
19:27:27,15280,1,199366
19:27:48,15280,2,199366
19:27:48,8116,1,199368
19:27:48,2404,1,199367
19:27:50,14492,2738,201747
19:28:20,15280,2,199366
19:28:20,2404,2,199367
19:28:21,14492,2193,201747
19:28:21,8116,2,199368
19:28:44,14492,3523,201747
19:28:46,2404,1,199367
19:28:49,8116,2,199368
19:28:50,15280,1,199366
19:29:14,8116,2,199368
19:29:16,14492,2165,201747
19:29:17,2404,1,199367
19:29:17,15280,1,199366
19:29:34,8116,2,199368
19:29:35,2404,2,199367
19:29:36,15280,2,199366
19:29:43,14492,3535,201747
19:30:13,14492,2738,201747
19:30:15,2404,2,199367
19:30:24,15280,1,199366
19:30:35,8116,2,199368
19:30:51,2404,1,199367
19:30:53,15280,2,199366
19:30:54,14492,2738,201747
19:31:00,8116,2,199368
19:31:16,15280,2,199366
19:31:17,8116,1,199368
19:31:19,2404,1,199367
19:31:26,14492,3523,201747
19:31:41,2404,1,199367
19:31:42,15280,1,199366
19:31:43,8116,1,199368
19:31:44,14492,3523,201747
19:32:10,14492,3571,201747
19:32:11,8116,2,199368
19:32:11,2404,1,199367
19:32:11,15280,2,199366
19:32:38,8116,1,199368
19:32:39,2404,1,199367
19:32:40,14492,2869,201747
19:32:42,15280,2,199366
19:33:15,2404,2,199367
19:33:15,15280,1,199366
19:33:19,14492,2660,201747
19:33:20,8116,1,199368
19:33:45,14492,2193,201747
19:33:46,8116,1,199368
19:33:47,2404,1,199367
19:33:47,15280,1,199366
19:34:14,2404,1,199367
19:34:14,15280,2,199366
19:34:15,14492,2193,201747
19:34:15,8116,1,199368
19:34:38,14492,2702,201747
19:34:39,15280,2,199366
19:34:39,8116,1,199368
19:34:41,2404,2,199367
19:35:06,8116,2,199368
19:35:07,2404,2,199367
19:35:07,14492,3603,201747
19:35:09,15280,2,199366
19:35:45,15280,2,199366
19:35:46,14492,2193,201747
19:35:47,2404,1,199367
19:35:47,8116,2,199368
19:36:24,15280,1,199366
19:36:25,2404,1,199367
19:36:27,14492,2193,201747
19:36:39,8116,1,199368
19:36:51,2404,2,199367
19:36:52,14492,3571,201747
19:36:52,8116,2,199368
19:36:52,15280,2,199366
19:37:18,15280,2,199366
19:37:21,2404,2,199367
19:37:23,14492,2738,201747
19:37:25,8116,1,199368
19:37:49,2404,2,199367
19:37:50,8116,1,199368
19:37:50,15280,1,199366
19:37:51,14492,2702,201747
19:38:18,2404,1,199367
19:38:18,15280,2,199366
19:38:20,8116,1,199368
19:38:21,14492,2869,201747
19:38:41,15280,1,199366
19:38:41,2404,1,199367
19:38:42,14492,2687,201747
19:38:43,8116,2,199368
19:39:10,2404,1,199367
19:39:13,8116,1,199368
19:39:14,15280,1,199366
19:39:14,14492,2738,201747
19:39:52,15280,1,199366
19:39:52,14492,2193,201747
19:39:52,8116,1,199368
19:39:54,2404,1,199367
19:40:22,2404,1,199367
19:40:22,14492,2869,201747
19:40:26,8116,2,199368
19:40:26,15280,2,199366
19:40:46,15280,2,199366
19:40:47,2404,1,199367
19:40:47,14492,2165,201747
19:40:50,8116,1,199368
19:41:19,2404,2,199367
19:41:20,8116,1,199368
19:41:22,14492,3559,201747
19:41:22,15280,1,199366
19:41:44,15280,1,199366
19:41:44,8116,1,199368
19:41:45,2404,2,199367
19:41:45,14492,3603,201747
19:42:17,15280,1,199366
19:42:17,14492,3639,201747
19:42:18,2404,2,199367
19:42:18,8116,1,199368
19:42:54,8116,1,199368
19:42:55,14492,2738,201747
19:42:55,2404,2,199367
19:43:03,15280,2,199366
19:43:13,8116,1,199368
19:43:15,14492,3639,201747
19:43:16,2404,1,199367
19:43:16,15280,1,199366
19:43:43,2404,2,199367
19:43:45,15280,1,199366
19:43:48,14492,2193,201747
19:43:49,8116,1,199368
19:44:17,14492,2193,201747
19:44:18,8116,2,199368
19:44:19,2404,2,199367
19:44:20,15280,2,199366
19:44:39,15280,2,199366
19:44:39,8116,1,199368
19:44:40,2404,2,199367
19:44:44,14492,3571,201747
19:45:04,8116,1,199368
19:45:04,2404,2,199367
19:45:04,15280,2,199366
19:45:08,14492,3535,201747
19:45:33,2404,1,199367
19:45:33,15280,2,199366
19:45:33,14492,3523,201747
19:45:34,8116,2,199368
19:45:55,15280,2,199366
19:45:56,2404,1,199367
19:45:57,14492,2714,201747
19:45:57,8116,1,199368
19:46:40,8116,1,199368
19:46:41,2404,1,199367
19:46:41,15280,2,199366
19:46:41,14492,3601,201747
19:46:43,5760,3601,201748
19:47:16,8116,1,199368
19:47:17,15280,2,199366
19:47:18,14492,4537,201747
19:47:19,2404,1,199367
19:47:27,5760,4537,201748
19:47:44,5760,3563,201748
19:47:45,2404,2,199367
19:47:45,14492,3563,201747
19:47:45,8116,2,199368
19:47:47,15280,1,199366
19:48:26,2404,1,199367
19:48:27,14492,3563,201747
19:48:27,8116,2,199368
19:48:28,15280,2,199366
19:48:30,5760,3563,201748
19:49:06,8116,2,199368
19:49:07,15280,1,199366
19:49:07,2404,1,199367
19:49:09,14492,4537,201747
19:49:10,5760,4537,201748
19:49:34,5760,3637,201748
19:49:35,15280,1,199366
19:49:36,2404,2,199367
19:49:36,8116,1,199368
19:49:39,14492,3637,201747
19:50:21,14492,3598,201747
19:50:21,8116,1,199368
19:50:21,2404,1,199367
19:50:21,15280,2,199366
19:50:31,5760,3598,201748
19:50:38,8116,1,199368
19:50:38,15280,1,199366
19:50:39,2404,1,199367
19:50:39,14492,3637,201747
19:50:49,5760,3637,201748
19:51:17,2404,1,199367
19:51:19,5760,4579,201748
19:51:19,15280,2,199366
19:51:21,8116,2,199368
19:51:21,14492,4579,201747
19:51:54,15280,2,199366
19:51:55,8116,1,199368
19:51:56,14492,3634,201747
19:51:56,5760,3634,201748
19:51:57,2404,1,199367
19:52:39,2404,2,199367
19:52:39,15280,2,199366
19:52:42,5760,3589,201748
19:52:43,8116,2,199368
19:52:44,14492,3589,201747
19:53:05,5760,3671,201748
19:53:05,8116,1,199368
19:53:08,2404,1,199367
19:53:08,15280,1,199366
19:53:14,14492,3671,201747
19:53:42,15280,1,199366
19:53:43,8116,2,199368
19:53:43,5760,4579,201748
19:53:43,2404,2,199367
19:53:44,14492,4579,201747
19:54:04,8116,1,199368
19:54:05,5760,4579,201748
19:54:05,15280,2,199366
19:54:06,14492,4579,201747
19:54:09,2404,2,199367
19:54:35,5760,3671,201748
19:54:35,15280,1,199366
19:54:35,14492,3671,201747
19:54:38,8116,1,199368
19:54:39,2404,1,199367
19:55:08,8116,2,199368
19:55:08,15280,1,199366
19:55:10,5760,3634,201748
19:55:10,2404,1,199367
19:55:13,14492,3634,201747
19:55:35,2404,2,199367
19:55:35,15280,2,199366
19:55:35,14492,4543,201747
19:55:36,8116,1,199368
19:55:40,5760,4543,201748
19:56:00,8116,1,199368
19:56:00,15280,2,199366
19:56:01,2404,1,199367
19:56:01,14492,4579,201747
19:56:02,5760,4579,201748
19:56:38,5760,4461,201748
19:56:38,15280,2,199366
19:56:39,8116,1,199368
19:56:40,14492,4461,201747
19:56:41,2404,2,199367
19:57:19,5760,4616,201748
19:57:19,2404,1,199367
19:57:19,15280,2,199366
19:57:22,8116,2,199368
19:57:23,14492,4616,201747
19:57:59,15280,2,199366
19:58:00,2404,1,199367
19:58:00,8116,1,199368
19:58:04,14492,4461,201747
19:58:05,5760,4461,201748
19:58:24,15280,1,199366
19:58:24,8116,2,199368
19:58:25,5760,4579,201748
19:58:26,14492,4579,201747
19:58:26,2404,2,199367
19:58:47,8116,2,199368
19:58:48,15280,1,199366
19:58:48,14492,4616,201747
19:58:49,5760,4616,201748
19:58:49,2404,2,199367
19:59:15,5760,3554,201748
19:59:16,14492,3554,201747
19:59:17,8116,2,199368
19:59:18,2404,2,199367
19:59:18,15280,2,199366
19:59:43,8116,2,199368
19:59:43,5760,4543,201748
19:59:43,15280,2,199366
19:59:44,2404,2,199367
19:59:47,14492,4543,201747
20:00:14,2404,1,199367
20:00:14,8116,1,199368
20:00:15,5760,4579,201748
20:00:15,14492,4579,201747
20:00:18,15280,1,199366
20:00:55,15280,1,199366
20:00:56,8116,2,199368
20:00:57,2404,2,199367
20:00:57,14492,4616,201747
20:01:02,5760,4616,201748
20:01:35,5760,3671,201748
20:01:35,2404,2,199367
20:01:35,14492,3671,201747
20:01:36,15280,2,199366
20:01:39,8116,1,199368
20:02:01,2404,2,199367
20:02:02,5760,3625,201748
20:02:02,8116,2,199368
20:02:04,14492,3625,201747
20:02:04,15280,2,199366
20:02:28,15280,1,199366
20:02:29,14492,3589,201747
20:02:29,8116,1,199368
20:02:30,5760,3589,201748
20:02:30,2404,2,199367
20:02:55,2404,2,199367
20:02:56,14492,4579,201747
20:02:56,8116,2,199368
20:02:57,5760,4579,201748
20:02:58,15280,1,199366
20:03:36,8116,1,199368
20:03:37,15280,2,199366
20:03:37,5760,3671,201748
20:03:38,2404,2,199367
20:03:40,14492,3671,201747
20:04:04,14492,4616,201747
20:04:04,2404,2,199367
20:04:05,8116,1,199368
20:04:05,5760,4616,201748
20:04:07,15280,2,199366
20:04:34,15280,1,199366
20:04:35,2404,1,199367
20:04:35,14492,3634,201747
20:04:38,5760,3634,201748
20:04:39,8116,1,199368
20:05:09,14492,3671,201747
20:05:10,15280,1,199366
20:05:10,5760,3671,201748
20:05:11,2404,1,199367
20:05:12,8116,2,199368
20:05:50,8116,1,199368
20:05:51,14492,3598,201747
20:05:51,2404,2,199367
20:05:52,15280,1,199366
20:05:53,5760,3598,201748
20:06:28,2404,1,199367
20:06:28,15280,1,199366
20:06:30,8116,2,199368
20:06:33,5760,3563,201748
20:06:34,14492,3563,201747
20:06:53,2404,1,199367
20:06:53,8116,1,199368
20:06:54,15280,2,199366
20:06:56,5760,3601,201748
20:06:56,14492,3601,201747
20:07:18,8116,2,199368
20:07:20,5760,4543,201748
20:07:20,2404,1,199367
20:07:21,14492,4543,201747
20:07:24,15280,1,199366
20:07:46,8116,2,199368
20:07:47,2404,2,199367
20:07:47,15280,2,199366
20:07:47,14492,4567,201747
20:07:48,5760,4567,201748
20:08:15,8116,2,199368
20:08:15,2404,2,199367
20:08:16,14492,3807,201747
20:08:16,5760,3602,201748
20:08:16,15280,2,199366
20:09:04,14492,2922,201747
20:09:05,15280,2,199366
20:09:05,8116,2,199368
20:09:05,5760,2922,201748
20:09:06,2404,1,199367
20:09:36,8116,2,199368
20:09:36,5760,4494,201748
20:09:36,2404,2,199367
20:09:36,15280,2,199366
20:09:38,14492,4494,201747
20:10:15,8116,1,199368
20:10:15,5760,2950,201748
20:10:16,14492,2950,201747
20:10:16,2404,2,199367
20:10:16,15280,1,199366
20:10:52,5760,2922,201748
20:10:53,2404,1,199367
20:10:53,15280,2,199366
20:10:53,14492,2922,201747
20:10:53,8116,2,199368
20:11:36,8116,2,199368
20:11:38,14492,3688,201747
20:11:38,2404,1,199367
20:11:39,5760,3688,201748
20:11:43,15280,1,199366
20:12:11,14492,3660,201747
20:12:12,15280,1,199366
20:12:12,8116,2,199368
20:12:15,5760,4601,201748
20:12:15,2404,1,199367
20:12:38,2404,2,199367
20:12:38,15280,1,199366
20:12:39,8116,2,199368
20:12:40,5760,3631,201748
20:12:41,14492,3631,201747
20:13:05,15280,2,199366
20:13:06,8116,1,199368
20:13:06,2404,2,199367
20:13:07,5760,3660,201748
20:13:10,14492,3660,201747
20:13:37,5760,3602,201748
20:13:37,14492,3602,201747
20:13:38,8116,2,199368
20:13:39,2404,1,199367
20:13:39,15280,2,199366
20:14:09,5760,2950,201748
20:14:09,15280,2,199366
20:14:10,8116,2,199368
20:14:11,2404,2,199367
20:14:11,14492,2950,201747
20:14:36,2404,2,199367
20:14:37,14492,3660,201747
20:14:37,8116,1,199368
20:14:37,15280,1,199366
20:14:40,5760,3660,201748
20:15:09,8116,1,199368
20:15:09,14492,2950,201747
20:15:10,5760,5900,201748
20:15:11,15280,1,199366
20:15:13,2404,1,199367
20:15:56,14492,3660,201747
20:15:56,2404,2,199367
20:15:57,15280,1,199366
20:15:57,5760,7320,201748
20:15:57,8116,2,199368
20:16:21,5760,7376,201748
20:16:22,8116,1,199368
20:16:23,14492,3688,201747
20:16:27,15280,2,199366
20:16:29,2404,1,199367
20:17:00,2404,2,199367
20:17:01,5760,7320,201748
20:17:02,8116,2,199368
20:17:02,15280,1,199366
20:17:03,14492,3660,201747
20:17:33,8116,1,199368
20:17:33,2404,2,199367
20:17:34,14492,3631,201747
20:17:34,5760,7262,201748
20:17:34,15280,2,199366
20:18:11,5760,7262,201748
20:18:11,2404,1,199367
20:18:12,15280,2,199366
20:18:12,14492,3631,201747
20:18:13,8116,2,199368
20:18:47,8116,2,199368
20:18:48,5760,9060,201748
20:18:48,15280,2,199366
20:18:48,14492,4530,201747
20:18:49,2404,2,199367
20:19:16,15280,2,199366
20:19:17,2404,2,199367
20:19:17,5760,7320,201748
20:19:18,14492,3660,201747
20:19:20,8116,2,199368
20:19:47,5760,9060,201748
20:19:48,2404,1,199367
20:19:49,15280,2,199366
20:19:49,14492,4530,201747
20:19:50,8116,2,199368
20:20:33,2404,1,199367
20:20:33,15280,1,199366
20:20:34,5760,7256,201748
20:20:34,14492,-24258,201747
20:20:35,8116,2,199368
20:21:13,15280,2,199366
20:21:14,8116,2,199368
20:21:15,2404,2,199367
20:21:15,5760,5374,201748
20:21:39,15280,1,199366
20:21:42,2404,1,199367
20:21:42,8116,2,199368
20:21:43,5760,4330,201748
20:22:02,5760,5476,201748
20:22:02,8116,2,199368
20:22:03,2404,1,199367
20:22:04,15280,1,199366
20:22:26,15280,1,199366
20:22:26,2404,1,199367
20:22:26,8116,1,199368
20:22:27,5760,4330,201748
20:22:55,5760,5374,201748
20:22:55,8116,1,199368
20:22:55,15280,1,199366
20:22:59,2404,2,199367
20:23:22,2404,2,199367
20:23:22,15280,2,199366
20:23:23,8116,2,199368
20:23:27,5760,7142,201748
20:23:52,15280,2,199366
20:23:53,8116,2,199368
20:23:53,5760,5794,201748
20:23:55,2404,1,199367
20:24:27,15280,2,199366
20:24:28,2404,1,199367
20:24:28,8116,1,199368
20:24:31,5760,5738,201748
20:25:03,15280,1,199366
20:25:03,5760,5850,201748
20:25:04,8116,1,199368
20:25:07,2404,2,199367
20:25:34,2404,1,199367
20:25:35,5760,5794,201748
20:25:36,8116,1,199368
20:25:39,15280,2,199366
20:26:04,8116,2,199368
20:26:05,15280,2,199366
20:26:08,2404,1,199367
20:26:11,5760,4386,201748
20:26:42,15280,2,199366
20:26:45,5760,7142,201748
20:26:46,8116,1,199368
20:26:47,2404,2,199367
20:27:10,8116,1,199368
20:27:11,5760,4330,201748
20:27:11,2404,2,199367
20:27:13,15280,1,199366
20:27:46,5760,5794,201748
20:27:46,2404,2,199367
20:27:47,8116,1,199368
20:27:47,15280,1,199366
20:28:19,15280,1,199366
20:28:22,2404,2,199367
20:28:23,5760,5850,201748
20:28:24,8116,1,199368
20:28:41,15280,2,199366
20:28:42,2404,2,199367
20:28:43,5760,4330,201748
20:28:47,8116,1,199368
20:29:13,15280,2,199366
20:29:14,8116,2,199368
20:29:16,5760,5850,201748
20:29:20,2404,1,199367
20:29:56,2404,1,199367
20:29:57,15280,1,199366
20:29:57,8116,1,199368
20:30:02,5760,5850,201748
20:30:22,8116,2,199368
20:30:23,15280,2,199366
20:30:26,5760,4330,201748
20:30:27,2404,1,199367
20:30:46,5760,4386,201748
20:30:46,2404,1,199367
20:30:47,8116,1,199368
20:30:48,15280,1,199366
20:31:23,5760,5850,201748
20:31:24,2404,1,199367
20:31:25,15280,1,199366
20:31:29,8116,2,199368
20:31:48,8116,2,199368
20:31:49,2404,2,199367
20:31:49,5760,5374,201748
20:31:50,15280,2,199366
20:32:09,2404,2,199367
20:32:10,5760,7070,201748
20:32:10,15280,2,199366
20:32:11,8116,2,199368
20:32:52,15280,1,199366
20:32:53,5760,7004,201748
20:32:55,2404,1,199367
20:32:55,8116,2,199368
20:33:15,2404,2,199367
20:33:16,5760,7278,201748
20:33:16,15280,1,199366
20:33:25,8116,1,199368
20:33:49,5760,7064,201748
20:33:49,8116,2,199368
20:33:51,2404,1,199367
20:33:52,15280,2,199366
20:34:05,2404,2,199367
20:34:05,8116,1,199368
20:34:05,15280,2,199366
20:34:07,5760,7212,201748
20:34:50,14492,4507,201747
20:34:51,5760,9014,201748
20:34:52,8116,2,199368
20:34:53,2404,1,199367
20:34:53,15280,1,199366
20:35:31,8116,2,199368
20:35:31,14492,4603,201747
20:35:31,5760,9206,201748
20:35:32,2404,2,199367
20:35:40,15280,2,199366
20:35:58,8116,1,199368
20:35:59,15280,1,199366
20:36:00,14492,3532,201747
20:36:00,2404,1,199367
20:36:03,5760,7064,201748
20:36:29,14492,3566,201747
20:36:30,5760,7132,201748
20:36:33,8116,2,199368
20:36:33,15280,2,199366
20:36:35,2404,1,199367
20:37:18,14492,4458,201747
20:37:19,2404,1,199367
20:37:20,8116,1,199368
20:37:21,5760,8916,201748
20:37:22,15280,2,199366
20:37:44,15280,1,199366
20:37:44,14492,3602,201747
20:37:45,5760,7204,201748
20:37:45,2404,1,199367
20:37:46,8116,2,199368
20:38:11,5760,5786,201748
20:38:12,14492,2893,201747
20:38:12,8116,2,199368
20:38:12,15280,2,199366
20:38:13,2404,2,199367
20:38:47,14492,3631,201747
20:38:47,5760,7262,201748
20:38:48,2404,2,199367
20:38:48,8116,2,199368
20:38:49,15280,1,199366
20:39:31,5760,7204,201748
20:39:31,14492,3602,201747
20:39:32,15280,1,199366
20:39:33,8116,1,199368
20:39:41,2404,1,199367
20:39:55,15280,1,199366
20:39:57,2404,2,199367
20:39:57,5760,9574,201748
20:39:58,8116,2,199368
20:39:58,14492,4530,201747
20:40:29,5760,9498,201748
20:40:30,14492,4494,201747
20:40:30,8116,1,199368
20:40:31,2404,1,199367
20:40:32,15280,1,199366
20:41:01,5760,7348,201748
20:41:02,2404,1,199367
20:41:03,15280,1,199366
20:41:03,14492,2922,201747
20:41:03,8116,1,199368
20:41:44,14492,2893,201747
20:41:45,15280,1,199366
20:41:46,5760,7274,201748
20:41:50,8116,2,199368
20:41:53,2404,2,199367
20:42:32,14492,3631,201747
20:42:32,2404,2,199367
20:42:33,15280,2,199366
20:42:38,5760,9130,201748
20:42:41,8116,1,199368
20:42:57,5760,7538,201748
20:42:59,15280,2,199366
20:43:00,14492,3566,201747
20:43:02,8116,2,199368
20:43:06,2404,2,199367
20:43:26,8116,1,199368
20:43:26,15280,1,199366
20:43:27,2404,2,199367
20:43:29,5760,7274,201748
20:43:30,14492,2893,201747
20:44:07,14492,4494,201747
20:44:08,15280,2,199366
20:44:10,2404,1,199367
20:44:12,8116,2,199368
20:44:15,5760,9498,201748
20:44:42,14492,4530,201747
20:44:42,5760,9574,201748
20:44:43,2404,2,199367
20:44:44,8116,1,199368
20:44:44,15280,1,199366
20:45:20,2404,1,199367
20:45:23,15280,1,199366
20:45:23,14492,2893,201747
20:45:24,8116,1,199368
20:45:24,5760,7274,201748
20:45:47,2404,2,199367
20:45:47,15280,1,199366
20:45:48,5760,9498,201748
20:45:50,8116,2,199368
20:45:59,14492,4494,201747
20:46:29,8116,1,199368
20:46:31,14492,2893,201747
20:46:32,2404,2,199367
20:46:34,15280,2,199366
20:46:35,5760,7274,201748
20:47:05,14492,3602,201747
20:47:05,8116,2,199368
20:47:06,2404,2,199367
20:47:07,5760,7614,201748
20:47:10,15280,1,199366
20:47:41,5760,9498,201748
20:47:42,2404,1,199367
20:47:43,14492,4494,201747
20:47:43,8116,1,199368
20:47:43,15280,1,199366
20:48:18,8116,1,199368
20:48:18,15280,2,199366
20:48:19,5760,9498,201748
20:48:20,2404,1,199367
20:48:34,14492,4494,201747
20:48:49,5760,7274,201748
20:48:49,8116,2,199368
20:48:49,15280,2,199366
20:48:50,2404,2,199367
20:48:59,14492,2893,201747
20:49:30,2404,1,199367
20:49:30,5760,7538,201748
20:49:30,8116,2,199368
20:49:31,15280,2,199366
20:49:32,14492,3566,201747
20:50:13,2404,2,199367
20:50:13,15280,2,199366
20:50:17,14492,3602,201747
20:50:18,8116,2,199368
20:50:30,5760,7614,201748
20:50:42,15280,1,199366
20:50:44,8116,2,199368
20:50:46,2404,2,199367
20:50:48,14492,3602,201747
20:51:00,5760,7614,201748
20:51:16,2404,1,199367
20:51:19,15280,1,199366
20:51:19,5760,7348,201748
20:51:19,8116,1,199368
20:51:31,14492,2922,201747
20:51:49,14492,4530,201747
20:51:53,2404,2,199367
20:51:54,8116,2,199368
20:51:58,15280,1,199366
20:52:09,5760,9574,201748
20:52:23,8116,2,199368
20:52:23,15280,1,199366
20:52:25,14492,4494,201747
20:52:28,2404,1,199367
20:52:43,5760,9498,201748
20:52:56,15280,2,199366
20:52:57,8116,2,199368
20:52:57,2404,2,199367
20:52:58,14492,4494,201747
20:53:07,5760,9498,201748
20:53:29,15280,2,199366
20:53:30,5760,9052,201748
20:53:35,14492,-24258,201747
20:53:41,8116,2,199368
20:53:41,2404,2,199367
20:54:07,15280,2,199366
20:54:10,5760,7214,201748
20:54:13,2404,1,199367
20:54:24,8116,2,199368
20:54:31,15280,2,199366
20:54:33,5760,5444,201748
20:54:35,2404,1,199367
20:54:42,8116,2,199368
20:55:01,8116,1,199368
20:55:02,5760,7472,201748
20:55:05,15280,1,199366
20:55:08,2404,1,199367
20:55:38,8116,2,199368
20:55:39,15280,1,199366
20:55:41,5760,7546,201748
20:55:42,2404,1,199367
20:56:21,2404,1,199367
20:56:21,15280,1,199366
20:56:22,8116,1,199368
20:56:31,5760,5680,201748
20:56:57,8116,2,199368
20:57:01,2404,1,199367
20:57:02,15280,2,199366
20:57:25,5760,7546,201748
20:57:26,2404,1,199367
20:57:28,8116,2,199368
20:57:30,15280,1,199366
20:57:35,5760,5680,201748
20:57:54,2404,2,199367
20:57:56,8116,1,199368
20:58:00,15280,2,199366
20:58:04,5760,5606,201748
20:58:21,2404,2,199367
20:58:21,15280,1,199366
20:58:23,8116,2,199368
20:58:29,5760,5680,201748
20:58:48,8116,2,199368
20:58:50,15280,1,199366
20:58:51,2404,2,199367
20:59:06,5760,5680,201748
20:59:19,15280,1,199366
20:59:20,2404,2,199367
20:59:22,8116,2,199368
20:59:31,5760,7546,201748
20:59:44,2404,2,199367
20:59:46,15280,2,199366
20:59:48,8116,1,199368
20:59:49,5760,5606,201748
21:00:17,2404,2,199367
21:00:17,15280,1,199366
21:00:18,8116,2,199368
21:00:35,5760,5680,201748
21:00:50,15280,2,199366
21:00:51,8116,1,199368
21:00:53,2404,2,199367
21:01:02,5760,5680,201748
21:01:20,15280,1,199366
21:01:21,2404,2,199367
21:01:23,8116,2,199368
21:01:24,5760,5680,201748
21:01:50,15280,2,199366
21:01:51,8116,1,199368
21:01:55,2404,2,199367
21:02:01,5760,5606,201748
21:02:27,15280,2,199366
21:02:28,2404,2,199367
21:02:30,5760,5444,201748
21:02:33,8116,2,199368
21:03:24,15280,1,199366
21:03:25,8116,1,199368
21:03:29,2404,2,199367
21:03:48,5760,7214,201748
21:03:50,8116,2,199368
21:03:53,15280,1,199366
21:03:58,2404,2,199367
21:03:58,5760,7472,201748
21:04:21,15280,2,199366
21:04:22,2404,2,199367
21:04:27,8116,1,199368
21:04:29,5760,7214,201748
21:04:58,2404,2,199367
21:05:02,15280,1,199366
21:05:03,5760,7546,201748
21:05:05,8116,1,199368
21:05:34,15280,2,199366
21:05:35,5760,7472,201748
21:05:35,8116,2,199368
21:05:40,2404,2,199367
21:06:08,2404,2,199367
21:06:09,8116,1,199368
21:06:10,15280,1,199366
21:06:16,5760,5680,201748
21:06:31,2404,1,199367
21:06:32,5760,7472,201748
21:06:32,15280,1,199366
21:06:33,8116,1,199368
21:07:02,5760,5444,201748
21:07:05,15280,1,199366
21:07:06,8116,2,199368
21:07:06,2404,1,199367
21:07:24,5760,5606,201748
21:07:24,2404,2,199367
21:07:24,15280,1,199366
21:07:25,8116,1,199368
21:07:54,5760,5606,201748
21:07:56,15280,1,199366
21:07:58,2404,1,199367
21:07:58,8116,1,199368
21:08:34,15280,1,199366
21:08:34,8116,1,199368
21:08:37,5760,7472,201748
21:08:38,2404,2,199367
21:08:56,8116,1,199368
21:08:58,15280,2,199366
21:08:58,2404,2,199367
21:08:59,5760,5606,201748
21:09:34,5760,7546,201748
21:09:36,8116,1,199368
21:09:37,2404,2,199367
21:09:37,15280,2,199366
21:10:02,8116,1,199368
21:10:05,5760,5680,201748
21:10:05,2404,2,199367
21:10:06,15280,1,199366
21:10:32,2404,1,199367
21:10:32,8116,1,199368
21:10:33,15280,2,199366
21:10:36,14492,2,201747
21:10:39,5760,5444,201748
21:10:58,15280,1,199366
21:10:58,2404,1,199367
21:11:00,8116,2,199368
21:11:06,5760,5680,201748
21:11:31,2404,1,199367
21:11:31,8116,2,199368
21:11:31,15280,1,199366
21:11:39,5760,7472,201748
21:11:51,14492,0,201747
21:12:07,15280,1,199366
21:12:07,2404,1,199367
21:12:09,8116,2,199368
21:12:12,5760,5680,201748
21:12:43,15280,1,199366
21:12:44,5760,7284,201748
21:12:48,2404,2,199367
21:12:49,8116,1,199368
21:13:19,8116,1,199368
21:13:20,15280,1,199366
21:13:21,2404,1,199367
21:13:26,5760,7546,201748
21:14:14,15280,2,199366
21:14:15,2404,1,199367
21:14:16,5760,5606,201748
21:14:16,8116,2,199368
21:14:35,15280,2,199366
21:14:37,5760,5606,201748
21:14:39,2404,2,199367
21:14:40,8116,2,199368
21:15:02,15280,1,199366
21:15:02,2404,2,199367
21:15:04,8116,2,199368
21:15:06,5760,2766,201748
21:15:23,5760,3752,201748
21:15:25,15280,1,199366
21:15:28,8116,2,199368
21:15:28,2404,2,199367
21:15:52,15280,2,199366
21:15:52,8116,2,199368
21:15:55,2404,1,199367
21:16:00,5760,3606,201748
21:16:42,2404,2,199367
21:16:46,8116,1,199368
21:16:50,15280,2,199366
21:16:52,14492,3598,201747
21:16:54,5760,3710,201748
21:17:11,14492,4390,201747
21:17:12,2404,1,199367
21:17:15,5760,4639,201748
21:17:16,8116,1,199368
21:17:17,15280,2,199366
21:17:38,5760,4675,201748
21:17:39,14492,4423,201747
21:17:39,2404,1,199367
21:17:40,8116,1,199368
21:17:43,15280,1,199366
21:18:12,2404,2,199367
21:18:13,15280,1,199366
21:18:13,14492,2893,201747
21:18:14,8116,1,199368
21:18:16,5760,3637,201748
21:18:54,15280,1,199366
21:18:55,5760,4993,201748
21:18:55,2404,2,199367
21:18:56,8116,2,199368
21:19:02,14492,4530,201747
21:20:24,15280,2,199366
21:20:26,5760,3637,201748
21:20:27,8116,2,199368
21:20:31,2404,2,199367
21:20:32,14492,2893,201747
21:20:57,14492,2922,201747
21:20:57,15280,1,199366
21:20:58,5760,3674,201748
21:21:00,2404,1,199367
21:21:03,8116,1,199368
21:21:38,2404,1,199367
21:21:38,8116,1,199368
21:21:40,15280,2,199366
21:21:41,5760,3674,201748
21:21:41,14492,2922,201747
21:22:10,14492,3631,201747
21:22:10,15280,2,199366
21:22:11,2404,1,199367
21:22:16,8116,1,199368
21:22:18,5760,4565,201748
21:22:36,15280,1,199366
21:22:37,8116,2,199368
21:22:45,2404,2,199367
21:22:47,5760,3707,201748
21:22:50,14492,3554,201747
21:22:57,14492,3589,201747
21:22:57,2404,2,199367
21:22:58,15280,1,199366
21:22:59,5760,3744,201748
21:23:02,8116,1,199368
21:23:37,8116,1,199368
21:23:38,5760,4636,201748
21:23:39,2404,1,199367
21:23:39,15280,1,199366
21:23:41,14492,3688,201747
21:24:07,14492,3631,201747
21:24:08,2404,2,199367
21:24:08,15280,2,199366
21:24:09,5760,4565,201748
21:24:09,8116,1,199368
21:24:33,8116,1,199368
21:24:33,2404,2,199367
21:24:34,15280,2,199366
21:24:35,14492,3671,201747
21:24:35,5760,3785,201748
21:25:06,5760,4759,201748
21:25:07,8116,1,199368
21:25:08,2404,2,199367
21:25:08,15280,1,199366
21:25:13,14492,4616,201747
21:25:36,8116,2,199368
21:25:36,15280,1,199366
21:25:36,2404,1,199367
21:25:37,5760,4565,201748
21:25:40,14492,3631,201747
21:26:08,2404,2,199367
21:26:09,15280,1,199366
21:26:12,14492,3554,201747
21:26:12,8116,2,199368
21:26:17,5760,3707,201748
21:26:31,8116,1,199368
21:26:31,15280,2,199366
21:26:33,2404,1,199367
21:26:34,14492,4616,201747
21:26:42,5760,4759,201748
21:27:00,8116,2,199368
21:27:01,15280,2,199366
21:27:03,2404,1,199367
21:27:04,14492,3631,201747
21:27:05,5760,4565,201748
21:27:31,8116,1,199368
21:27:31,14492,4579,201747
21:27:33,15280,2,199366
21:27:33,2404,2,199367
21:27:36,5760,4721,201748
21:28:07,2404,2,199367
21:28:11,8116,2,199368
21:28:13,15280,2,199366
21:28:16,5760,3707,201748
21:28:19,14492,3554,201747
21:28:43,8116,2,199368
21:28:44,15280,2,199366
21:28:45,2404,2,199367
21:28:49,14492,4579,201747
21:29:10,5760,4721,201748
21:29:16,2404,2,199367
21:29:16,8116,2,199368
21:29:17,14492,4543,201747
21:29:18,15280,1,199366
21:29:42,2404,1,199367
21:29:42,8116,1,199368
21:29:46,14492,4461,201747
21:29:47,15280,1,199366
21:29:49,5760,4684,201748
21:30:09,2404,1,199367
21:30:09,15280,1,199366
21:30:15,14492,4616,201747
21:30:16,8116,2,199368
21:30:19,5760,4653,201748
21:30:36,15280,1,199366
21:30:40,2404,1,199367
21:30:41,14492,4579,201747
21:30:43,5760,4759,201748
21:30:47,8116,1,199368
21:31:01,8116,2,199368
21:31:01,14492,3671,201747
21:31:02,5760,4721,201748
21:31:06,15280,1,199366
21:31:11,2404,2,199367
21:31:24,15280,2,199366
21:31:26,2404,1,199367
21:31:27,8116,2,199368
21:31:28,14492,3671,201747
21:31:43,5760,3785,201748
21:31:51,8116,1,199368
21:31:52,2404,2,199367
21:31:53,15280,1,199366
21:32:02,14492,4579,201747
21:32:04,5760,3785,201748
21:32:09,5760,4721,201748
21:32:23,2404,2,199367
21:32:24,8116,1,199368
21:32:32,15280,2,199366
21:32:39,14492,4579,201747
21:32:50,5760,4721,201748
21:33:06,2404,2,199367
21:33:07,8116,1,199368
21:33:08,5760,4787,201748
21:33:12,14492,4787,201747
21:33:13,15280,1,199366
21:33:30,2404,1,199367
21:33:30,8116,1,199368
21:33:32,15280,2,199366
21:33:33,5760,4565,201748
21:33:44,14492,3631,201747
21:34:04,5760,4721,201748
21:34:04,2404,1,199367
21:34:05,8116,1,199368
21:34:05,14492,4579,201747
21:34:06,15280,2,199366
21:34:34,2404,2,199367
21:34:34,8116,2,199368
21:34:36,5760,3674,201748
21:34:36,15280,2,199366
21:34:39,14492,2922,201747
21:35:05,15280,2,199366
21:35:06,5760,4721,201748
21:35:06,2404,2,199367
21:35:07,8116,2,199368
21:35:09,14492,4579,201747
21:35:50,15280,1,199366
21:35:50,2404,1,199367
21:35:54,8116,1,199368
21:35:55,5760,4601,201748
21:36:00,14492,3660,201747
21:36:14,5760,3807,201748
21:36:14,8116,2,199368
21:36:15,2404,1,199367
21:36:17,14492,3602,201747
21:36:17,15280,1,199366
21:36:41,2404,1,199367
21:36:41,8116,1,199368
21:36:43,5760,4759,201748
21:36:43,14492,4616,201747
21:36:48,15280,1,199366
21:37:12,15280,1,199366
21:37:12,5760,4759,201748
21:37:13,8116,2,199368
21:37:15,14492,4616,201747
21:37:17,2404,2,199367
21:37:49,14492,2922,201747
21:37:50,15280,2,199366
21:37:51,2404,2,199367
21:37:52,8116,1,199368
21:37:54,5760,3674,201748
21:38:13,2404,2,199367
21:38:16,15280,2,199366
21:38:19,14492,4461,201747
21:38:25,5760,4653,201748
21:38:27,8116,2,199368
21:38:43,15280,2,199366
21:38:44,2404,2,199367
21:38:44,14492,3671,201747
21:38:45,8116,1,199368
21:38:46,5760,3785,201748
